Detailed,Unnamed: 1,Unnamed: 2,Unnamed: 3,Unnamed: 4,Unnamed: 5,,701.6443771
0.0360379,µm^3,Surface,1,Class A,0,,
0.023016799,µm^3,Surface,1,Class A,1,,
0.181566,µm^3,Surface,1,Class A,4,,
0.0152221,µm^3,Surface,1,Class A,10,,
0.076110803,µm^3,Surface,1,Class A,11,,
0.0499768,µm^3,Surface,1,Class A,12,,
0.120494001,µm^3,Surface,1,Class A,16,,
0.060797401,µm^3,Surface,1,Class A,18,,
0.060155399,µm^3,Surface,1,Class A,19,,
0.046675298,µm^3,Surface,1,Class A,20,,
0.049701199,µm^3,Surface,1,Class A,21,,
0.0135717,µm^3,Surface,1,Class A,22,,
0.142225996,µm^3,Surface,1,Class A,28,,
0.097202003,µm^3,Surface,1,Class A,29,,
0.032003399,µm^3,Surface,1,Class A,32,,
0.082988396,µm^3,Surface,1,Class A,33,,
0.021182699,µm^3,Surface,1,Class A,34,,
0.0138467,µm^3,Surface,1,Class A,35,,
0.080788098,µm^3,Surface,1,Class A,37,,
0.029802401,µm^3,Surface,1,Class A,38,,
0.0178815,µm^3,Surface,1,Class A,39,,
0.017514599,µm^3,Surface,1,Class A,40,,
0.0290688,µm^3,Surface,1,Class A,41,,
0.0163224,µm^3,Surface,1,Class A,42,,
0.204583004,µm^3,Surface,1,Class A,43,,
0.167995006,µm^3,Surface,1,Class A,48,,
0.053828001,µm^3,Surface,1,Class A,50,,
0.017056299,µm^3,Surface,1,Class A,51,,
0.0236584,µm^3,Surface,1,Class A,52,,
0.043099102,µm^3,Surface,1,Class A,53,,
0.0363134,µm^3,Surface,1,Class A,56,,
0.024392299,µm^3,Surface,1,Class A,58,,
0.154422998,µm^3,Surface,1,Class A,60,,
0.077486798,µm^3,Surface,1,Class A,62,,
0.022833301,µm^3,Surface,1,Class A,63,,
0.131130993,µm^3,Surface,1,Class A,64,,
0.053828001,µm^3,Surface,1,Class A,66,,
0.214211002,µm^3,Surface,1,Class A,67,,
0.0178815,µm^3,Surface,1,Class A,68,,
0.136357993,µm^3,Surface,1,Class A,70,,
0.139567003,µm^3,Surface,1,Class A,73,,
0.0118293,µm^3,Surface,1,Class A,76,,
0.0897744,µm^3,Surface,1,Class A,78,,
0.226866007,µm^3,Surface,1,Class A,80,,
0.034570899,µm^3,Surface,1,Class A,81,,
0.124254003,µm^3,Surface,1,Class A,82,,
0.0516272,µm^3,Surface,1,Class A,84,,
0.0119211,µm^3,Surface,1,Class A,85,,
0.096560203,µm^3,Surface,1,Class A,87,,
0.098577499,µm^3,Surface,1,Class A,89,,
0.180098996,µm^3,Surface,1,Class A,92,,
0.0103621,µm^3,Surface,1,Class A,93,,
0.037046801,µm^3,Surface,1,Class B,94,,
3.030319929,µm^3,Surface,1,Class A,95,,
0.175972,µm^3,Surface,1,Class A,98,,
0.381931007,µm^3,Surface,1,Class B,99,,
0.064648598,µm^3,Surface,1,Class B,100,,
0.077578403,µm^3,Surface,1,Class B,102,,
0.847584009,µm^3,Surface,1,Class B,103,,
0.042273901,µm^3,Surface,1,Class B,106,,
0.0573125,µm^3,Surface,1,Class B,108,,
0.218062997,µm^3,Surface,1,Class A,109,,
0.276475012,µm^3,Surface,1,Class A,111,,
0.105639003,µm^3,Surface,1,Class A,112,,
0.089132302,µm^3,Surface,1,Class B,113,,
0.066574201,µm^3,Surface,1,Class A,114,,
0.671427011,µm^3,Surface,1,Class A,115,,
0.206966996,µm^3,Surface,1,Class A,116,,
0.139292002,µm^3,Surface,1,Class B,118,,
0.0103621,µm^3,Surface,1,Class B,120,,
0.162309006,µm^3,Surface,1,Class B,121,,
0.0113708,µm^3,Surface,1,Class B,122,,
0.075102299,µm^3,Surface,1,Class B,124,,
0.269690007,µm^3,Surface,1,Class B,0,,
2.891949892,µm^3,Surface,1,Class B,1,,
0.202565998,µm^3,Surface,1,Class B,2,,
9.468219757,µm^3,Surface,1,Class B,3,,
0.217053995,µm^3,Surface,1,Class B,4,,
0.073910303,µm^3,Surface,1,Class B,5,,
1.426319957,µm^3,Surface,1,Class B,6,,
0.154606,µm^3,Surface,1,Class B,7,,
3.615459919,µm^3,Surface,1,Class B,8,,
0.228791997,µm^3,Surface,1,Class B,10,,
0.152588993,µm^3,Surface,1,Class B,11,,
0.195322007,µm^3,Surface,1,Class A,0,,
0.186976999,µm^3,Surface,1,Class A,1,,
0.068499804,µm^3,Surface,1,Class A,2,,
0.279042989,µm^3,Surface,1,Class A,3,,
0.0117376,µm^3,Surface,1,Class A,5,,
5.289989948,µm^3,Surface,1,Class A,6,,
0.053644501,µm^3,Surface,1,Class A,9,,
0.163225994,µm^3,Surface,1,Class A,10,,
0.0235669,µm^3,Surface,1,Class A,11,,
0.065198697,µm^3,Surface,1,Class A,14,,
0.133699,µm^3,Surface,1,Class A,15,,
0.0509855,µm^3,Surface,1,Class A,16,,
0.358639002,µm^3,Surface,1,Class A,17,,
0.091333099,µm^3,Surface,1,Class A,18,,
0.088123903,µm^3,Surface,1,Class A,19,,
0.033745602,µm^3,Surface,1,Class A,20,,
0.051260501,µm^3,Surface,1,Class A,21,,
0.098669499,µm^3,Surface,1,Class A,22,,
0.0252176,µm^3,Surface,1,Class A,23,,
0.041815199,µm^3,Surface,1,Class A,24,,
0.040348001,µm^3,Surface,1,Class A,26,,
0.0103622,µm^3,Surface,1,Class A,27,,
0.080879502,µm^3,Surface,1,Class A,28,,
0.188352004,µm^3,Surface,1,Class A,29,,
0.058229599,µm^3,Surface,1,Class A,31,,
0.0270517,µm^3,Surface,1,Class A,32,,
0.566249013,µm^3,Surface,1,Class A,33,,
0.27986899,µm^3,Surface,1,Class A,35,,
0.136816993,µm^3,Surface,1,Class A,36,,
0.0103621,µm^3,Surface,1,Class A,37,,
0.656022012,µm^3,Surface,1,Class A,38,,
0.675830007,µm^3,Surface,1,Class A,39,,
0.0163226,µm^3,Surface,1,Class A,40,,
0.110956997,µm^3,Surface,1,Class A,41,,
0.368817002,µm^3,Surface,1,Class A,42,,
0.128839001,µm^3,Surface,1,Class A,43,,
0.216503993,µm^3,Surface,1,Class A,44,,
0.183950007,µm^3,Surface,1,Class A,45,,
0.081979901,µm^3,Surface,1,Class A,46,,
0.070425898,µm^3,Surface,1,Class A,47,,
0.245297,µm^3,Surface,1,Class A,48,,
0.273083001,µm^3,Surface,1,Class A,49,,
0.298299998,µm^3,Surface,1,Class A,50,,
0.175696999,µm^3,Surface,1,Class A,52,,
0.363682985,µm^3,Surface,1,Class A,53,,
0.039431099,µm^3,Surface,1,Class A,54,,
0.0122878,µm^3,Surface,1,Class A,55,,
0.220447004,µm^3,Surface,1,Class A,56,,
0.021366199,µm^3,Surface,1,Class A,57,,
0.339841008,µm^3,Surface,1,Class A,58,,
0.194221005,µm^3,Surface,1,Class A,59,,
0.204766005,µm^3,Surface,1,Class A,60,,
0.181015,µm^3,Surface,1,Class A,61,,
0.081979901,µm^3,Surface,1,Class A,62,,
0.174504995,µm^3,Surface,1,Class A,63,,
0.0296191,µm^3,Surface,1,Class A,64,,
0.084455803,µm^3,Surface,1,Class A,65,,
1.583570004,µm^3,Surface,1,Class A,67,,
0.689585984,µm^3,Surface,1,Class A,68,,
0.285737991,µm^3,Surface,1,Class A,69,,
0.0336539,µm^3,Surface,1,Class A,70,,
0.0202657,µm^3,Surface,1,Class A,71,,
0.0117376,µm^3,Surface,1,Class A,72,,
0.0133882,µm^3,Surface,1,Class A,73,,
0.384499013,µm^3,Surface,1,Class A,74,,
0.137366995,µm^3,Surface,1,Class A,75,,
0.168178007,µm^3,Surface,1,Class A,76,,
0.488211006,µm^3,Surface,1,Class A,77,,
0.0103621,µm^3,Surface,1,Class A,78,,
0.015955901,µm^3,Surface,1,Class A,79,,
0.121870004,µm^3,Surface,1,Class A,80,,
0.762395024,µm^3,Surface,1,Class A,81,,
0.064648598,µm^3,Surface,1,Class A,82,,
0.112699002,µm^3,Surface,1,Class A,83,,
0.065107301,µm^3,Surface,1,Class A,84,,
0.064098202,µm^3,Surface,1,Class A,85,,
0.769638002,µm^3,Surface,1,Class A,86,,
0.125079006,µm^3,Surface,1,Class A,88,,
0.160567001,µm^3,Surface,1,Class A,90,,
1.405580044,µm^3,Surface,1,Class A,92,,
0.368176013,µm^3,Surface,1,Class A,93,,
0.465377986,µm^3,Surface,1,Class A,94,,
0.48307699,µm^3,Surface,1,Class A,95,,
0.038238902,µm^3,Surface,1,Class A,96,,
0.053094398,µm^3,Surface,1,Class A,97,,
0.106830999,µm^3,Surface,1,Class A,98,,
0.036038201,µm^3,Surface,1,Class A,99,,
0.502515972,µm^3,Surface,1,Class A,100,,
0.0164143,µm^3,Surface,1,Class A,102,,
0.027876901,µm^3,Surface,1,Class A,103,,
0.193487003,µm^3,Surface,1,Class A,104,,
0.048967902,µm^3,Surface,1,Class A,105,,
0.177257001,µm^3,Surface,1,Class A,106,,
0.138008997,µm^3,Surface,1,Class A,107,,
0.0124712,µm^3,Surface,1,Class A,108,,
0.126087993,µm^3,Surface,1,Class A,111,,
0.018340001,µm^3,Surface,1,Class A,112,,
0.0164143,µm^3,Surface,1,Class A,114,,
0.207699999,µm^3,Surface,1,Class A,115,,
0.050159901,µm^3,Surface,1,Class A,116,,
0.138925999,µm^3,Surface,1,Class A,117,,
0.072443202,µm^3,Surface,1,Class A,118,,
0.156165004,µm^3,Surface,1,Class A,119,,
0.104630001,µm^3,Surface,1,Class A,120,,
0.0367717,µm^3,Surface,1,Class A,121,,
0.055111699,µm^3,Surface,1,Class A,122,,
0.193212003,µm^3,Surface,1,Class A,123,,
0.47904101,µm^3,Surface,1,Class A,124,,
0.095367998,µm^3,Surface,1,Class A,125,,
0.163043007,µm^3,Surface,1,Class A,126,,
0.071617797,µm^3,Surface,1,Class A,127,,
0.061439101,µm^3,Surface,1,Class A,128,,
0.225674003,µm^3,Surface,1,Class A,130,,
0.123520002,µm^3,Surface,1,Class A,131,,
0.0506185,µm^3,Surface,1,Class A,132,,
0.116733998,µm^3,Surface,1,Class A,133,,
0.252909005,µm^3,Surface,1,Class A,134,,
0.133239999,µm^3,Surface,1,Class A,136,,
0.047500599,µm^3,Surface,1,Class A,138,,
0.150938004,µm^3,Surface,1,Class A,139,,
0.0296191,µm^3,Surface,1,Class A,140,,
0.120953001,µm^3,Surface,1,Class A,141,,
0.027326601,µm^3,Surface,1,Class A,142,,
0.045941699,µm^3,Surface,1,Class A,143,,
0.145070001,µm^3,Surface,1,Class A,144,,
0.083630398,µm^3,Surface,1,Class B,1,,
0.021916199,µm^3,Surface,1,Class B,2,,
1.206400037,µm^3,Surface,1,Class B,4,,
0.145712003,µm^3,Surface,1,Class B,10,,
1.684260011,µm^3,Surface,1,Class B,11,,
0.121228002,µm^3,Surface,1,Class B,12,,
0.0407147,µm^3,Surface,1,Class B,13,,
0.257310003,µm^3,Surface,1,Class B,14,,
0.281704009,µm^3,Surface,1,Class B,15,,
0.0142134,µm^3,Surface,1,Class B,17,,
0.106371999,µm^3,Surface,1,Class B,18,,
0.192570001,µm^3,Surface,1,Class B,19,,
0.223380998,µm^3,Surface,1,Class B,20,,
0.250432014,µm^3,Surface,1,Class B,21,,
0.292980999,µm^3,Surface,1,Class B,22,,
0.153046995,µm^3,Surface,1,Class B,23,,
0.271616012,µm^3,Surface,1,Class A,24,,
0.297199994,µm^3,Surface,1,Class B,25,,
0.171204001,µm^3,Surface,1,Class A,26,,
0.353136986,µm^3,Surface,1,Class B,27,,
0.0717097,µm^3,Surface,1,Class B,28,,
0.124344997,µm^3,Surface,1,Class A,30,,
0.064006999,µm^3,Surface,1,Class B,31,,
0.0765692,µm^3,Surface,1,Class B,32,,
0.290322006,µm^3,Surface,1,Class B,33,,
1.272609949,µm^3,Surface,1,Class B,34,,
0.230168,µm^3,Surface,1,Class B,37,,
2.901030064,µm^3,Surface,1,Class B,38,,
0.247224003,µm^3,Surface,1,Class B,39,,
0.215220004,µm^3,Surface,1,Class B,40,,
0.352405012,µm^3,Surface,1,Class B,41,,
0.0949094,µm^3,Surface,1,Class B,42,,
0.059421599,µm^3,Surface,1,Class B,43,,
0.193762004,µm^3,Surface,1,Class B,44,,
0.107656002,µm^3,Surface,1,Class B,45,,
0.062081099,µm^3,Surface,1,Class B,46,,
0.129664004,µm^3,Surface,1,Class B,47,,
0.657307029,µm^3,Surface,1,Class B,48,,
0.127554998,µm^3,Surface,1,Class B,49,,
0.406690001,µm^3,Surface,1,Class B,50,,
0.888391018,µm^3,Surface,1,Class B,51,,
0.072534703,µm^3,Surface,1,Class B,52,,
0.174413994,µm^3,Surface,1,Class B,53,,
0.018064899,µm^3,Surface,1,Class B,54,,
0.221364006,µm^3,Surface,1,Class A,55,,
0.111598998,µm^3,Surface,1,Class A,56,,
0.079136997,µm^3,Surface,1,Class B,57,,
0.115175001,µm^3,Surface,1,Class B,58,,
0.122786,µm^3,Surface,1,Class B,59,,
0.172213003,µm^3,Surface,1,Class A,60,,
0.255751014,µm^3,Surface,1,Class B,61,,
0.137824997,µm^3,Surface,1,Class A,62,,
0.058046199,µm^3,Surface,1,Class B,63,,
0.588622987,µm^3,Surface,1,Class A,64,,
0.093167298,µm^3,Surface,1,Class A,65,,
0.192662001,µm^3,Surface,1,Class A,66,,
0.102613002,µm^3,Surface,1,Class A,67,,
0.112975001,µm^3,Surface,1,Class A,68,,
0.083905503,µm^3,Surface,1,,69,,
0.135533005,µm^3,Surface,1,Class A,70,,
1.031630039,µm^3,Surface,1,Class A,71,,
0.072076201,µm^3,Surface,1,Class A,72,,
1.060600042,µm^3,Surface,1,Class B,75,,
0.019715499,µm^3,Surface,1,Class A,76,,
0.112975001,µm^3,Surface,1,Class A,77,,
0.0103621,µm^3,Surface,1,Class A,78,,
0.251441985,µm^3,Surface,1,Class A,79,,
0.244655997,µm^3,Surface,1,Class A,80,,
0.071434401,µm^3,Surface,1,Class A,81,,
0.051168699,µm^3,Surface,1,Class A,82,,
0.222372994,µm^3,Surface,1,Class A,84,,
0.0726263,µm^3,Surface,1,Class A,85,,
0.162768006,µm^3,Surface,1,Class A,86,,
0.0124712,µm^3,Surface,1,Class A,87,,
0.103620999,µm^3,Surface,1,Class A,88,,
0.355520993,µm^3,Surface,1,Class A,89,,
0.089315899,µm^3,Surface,1,Class A,92,,
0.117100999,µm^3,Surface,1,Class A,93,,
0.176339,µm^3,Surface,1,Class A,94,,
0.307287008,µm^3,Surface,1,Class A,95,,
0.208618,µm^3,Surface,1,Class A,96,,
0.010729,µm^3,Surface,1,Class A,97,,
0.241263002,µm^3,Surface,1,Class A,98,,
0.170653999,µm^3,Surface,1,Class A,99,,
0.75762701,µm^3,Surface,1,Class A,100,,
0.0143052,µm^3,Surface,1,Class A,101,,
0.069141999,µm^3,Surface,1,Class A,102,,
0.242639005,µm^3,Surface,1,Class A,103,,
0.163317993,µm^3,Surface,1,Class A,104,,
0.194221005,µm^3,Surface,1,Class A,105,,
0.215037003,µm^3,Surface,1,Class A,106,,
0.194771007,µm^3,Surface,1,Class A,108,,
0.59146601,µm^3,Surface,1,Class A,109,,
0.223564997,µm^3,Surface,1,Class A,110,,
0.309487998,µm^3,Surface,1,Class A,111,,
1.288110018,µm^3,Surface,1,Class A,112,,
0.130122006,µm^3,Surface,1,Class A,113,,
1.204390049,µm^3,Surface,1,Class A,114,,
0.097477198,µm^3,Surface,1,Class A,115,,
0.0353962,µm^3,Surface,1,Class A,116,,
0.113341004,µm^3,Surface,1,Class A,117,,
0.038513999,µm^3,Surface,1,Class A,118,,
0.088674001,µm^3,Surface,1,Class A,119,,
0.244105995,µm^3,Surface,1,Class A,120,,
0.076569699,µm^3,Surface,1,Class A,121,,
0.157449007,µm^3,Surface,1,Class A,122,,
0.064832002,µm^3,Surface,1,Class A,0,,
0.0172396,µm^3,Surface,1,Class A,3,,
1.292700052,µm^3,Surface,1,Class A,4,,
0.314898014,µm^3,Surface,1,Class A,7,,
0.41347599,µm^3,Surface,1,Class A,9,,
0.990821004,µm^3,Surface,1,Class A,10,,
0.0306278,µm^3,Surface,1,Class A,11,,
0.021274401,µm^3,Surface,1,Class A,12,,
0.011921,µm^3,Surface,1,Class A,13,,
0.198897004,µm^3,Surface,1,Class A,14,,
0.0674913,µm^3,Surface,1,Class A,15,,
1.331850052,µm^3,Surface,1,Class A,18,,
1.243450046,µm^3,Surface,1,Class A,19,,
0.537638009,µm^3,Surface,1,Class A,20,,
0.024025301,µm^3,Surface,1,Class A,21,,
0.409532994,µm^3,Surface,1,Class A,22,,
1.184489965,µm^3,Surface,1,Class A,23,,
0.288946986,µm^3,Surface,1,Class A,24,,
0.047225699,µm^3,Surface,1,Class A,25,,
0.0134799,µm^3,Surface,1,Class A,28,,
0.060430299,µm^3,Surface,1,Class A,29,,
0.065382101,µm^3,Surface,1,Class A,32,,
0.128655002,µm^3,Surface,1,Class A,33,,
0.056028701,µm^3,Surface,1,Class A,37,,
0.0142135,µm^3,Surface,1,Class A,38,,
0.070975803,µm^3,Surface,1,Class A,39,,
0.0754693,µm^3,Surface,1,Class A,41,,
0.511777997,µm^3,Surface,1,Class A,42,,
9.740850449,µm^3,Surface,1,Class B,0,,
0.94689399,µm^3,Surface,1,Class E,1,,
0.212192997,µm^3,Surface,1,Class E,2,,
0.239337996,µm^3,Surface,1,Class E,3,,
0.690410018,µm^3,Surface,1,Class E,4,,
1.235470057,µm^3,Surface,1,Class E,7,,
0.206324995,µm^3,Surface,1,Class C,8,,
0.068867199,µm^3,Surface,1,Class D,9,,
0.12297,µm^3,Surface,1,Class C,11,,
1.392470002,µm^3,Surface,1,Class B,12,,
0.0117377,µm^3,Surface,1,Class C,13,,
1.367339969,µm^3,Surface,1,Class C,14,,
0.165886,µm^3,Surface,1,Class D,15,,
0.298577011,µm^3,Surface,1,Class D,16,,
0.0143051,µm^3,Surface,1,Class D,17,,
0.056945499,µm^3,Surface,1,Class C,18,,
0.112424001,µm^3,Surface,1,Class D,19,,
0.051260099,µm^3,Surface,1,Class C,21,,
0.828966022,µm^3,Surface,1,Class C,23,,
0.642633975,µm^3,Surface,1,Class C,24,,
0.0101787,µm^3,Surface,1,Class B,28,,
0.030261099,µm^3,Surface,1,Class C,29,,
0.52571702,µm^3,Surface,1,Class D,32,,
0.026318001,µm^3,Surface,1,Class C,33,,
0.813564003,µm^3,Surface,1,Class C,34,,
0.148828998,µm^3,Surface,1,Class C,35,,
0.225123003,µm^3,Surface,1,Class C,36,,
0.270608008,µm^3,Surface,1,Class B,37,,
0.076110803,µm^3,Surface,1,Class C,38,,
0.138191998,µm^3,Surface,1,Class B,39,,
0.355980009,µm^3,Surface,1,Class B,40,,
0.0124712,µm^3,Surface,1,Class C,41,,
0.0477756,µm^3,Surface,1,Class C,42,,
0.304260999,µm^3,Surface,1,Class A,43,,
0.176982,µm^3,Surface,1,Class A,44,,
0.329663008,µm^3,Surface,1,Class C,45,,
1.35157001,µm^3,Surface,1,Class C,46,,
0.357903987,µm^3,Surface,1,Class C,47,,
0.658775985,µm^3,Surface,1,Class A,48,,
0.070701003,µm^3,Surface,1,Class B,49,,
0.597334027,µm^3,Surface,1,Class C,50,,
0.180831999,µm^3,Surface,1,Class C,51,,
0.516730011,µm^3,Surface,1,Class A,52,,
0.0256762,µm^3,Surface,1,Class C,53,,
0.032370299,µm^3,Surface,1,Class C,54,,
0.034754399,µm^3,Surface,1,Class B,55,,
0.092525102,µm^3,Surface,1,Class C,56,,
0.310404986,µm^3,Surface,1,Class A,57,,
0.898202002,µm^3,Surface,1,Class B,58,,
0.243279994,µm^3,Surface,1,Class A,59,,
0.036405001,µm^3,Surface,1,Class C,60,,
0.062447999,µm^3,Surface,1,Class C,62,,
0.743228018,µm^3,Surface,1,Class A,63,,
1.289489985,µm^3,Surface,1,Class C,64,,
1.354500055,µm^3,Surface,1,Class F,65,,
0.083263502,µm^3,Surface,1,Class C,66,,
0.080512799,µm^3,Surface,1,Class B,67,,
5.662849903,µm^3,Surface,1,Class C,68,,
0.0381472,µm^3,Surface,1,Class B,69,,
0.310862988,µm^3,Surface,1,Class B,70,,
0.403847009,µm^3,Surface,1,Class A,71,,
1.029420018,µm^3,Surface,1,Class A,72,,
0.063915297,µm^3,Surface,1,Class C,73,,
1.473160028,µm^3,Surface,1,Class C,74,,
0.374045014,µm^3,Surface,1,Class B,75,,
0.28481999,µm^3,Surface,1,Class C,77,,
0.924336016,µm^3,Surface,1,Class C,78,,
0.064098202,µm^3,Surface,1,Class B,79,,
0.416777015,µm^3,Surface,1,Class B,80,,
0.0977524,µm^3,Surface,1,Class B,81,,
0.0285188,µm^3,Surface,1,Class C,82,,
0.846210003,µm^3,Surface,1,Class A,83,,
0.152129993,µm^3,Surface,1,Class B,84,,
0.600543976,µm^3,Surface,1,Class B,85,,
0.647585988,µm^3,Surface,1,Class B,86,,
0.065748997,µm^3,Surface,1,Class B,87,,
0.629064023,µm^3,Surface,1,Class B,88,,
0.731584013,µm^3,Surface,1,Class A,89,,
3.137150049,µm^3,Surface,1,Class F,90,,
0.114441998,µm^3,Surface,1,Class B,91,,
0.716086984,µm^3,Surface,1,Class B,92,,
0.0305361,µm^3,Surface,1,Class A,93,,
0.248965994,µm^3,Surface,1,Class B,94,,
0.855929017,µm^3,Surface,1,Class A,95,,
6.022409916,µm^3,Surface,1,Class F,96,,
0.620534003,µm^3,Surface,1,Class B,97,,
0.469595999,µm^3,Surface,1,Class B,98,,
0.263271004,µm^3,Surface,1,Class A,99,,
0.0305361,µm^3,Surface,1,Class A,100,,
2.824369907,µm^3,Surface,1,Class A,101,,
2.45243001,µm^3,Surface,1,Class A,102,,
0.727548003,µm^3,Surface,1,Class A,103,,
0.710950017,µm^3,Surface,1,Class A,104,,
0.507193983,µm^3,Surface,1,Class B,105,,
1.856279969,µm^3,Surface,1,Class A,0,,
5.531990051,µm^3,Surface,1,Class A,1,,
1.409890056,µm^3,Surface,1,Class A,2,,
0.013755,µm^3,Surface,1,Class A,3,,
0.0102705,µm^3,Surface,1,Class A,4,,
2.643899918,µm^3,Surface,1,Class A,5,,
0.062355999,µm^3,Surface,1,Class A,6,,
0.037872002,µm^3,Surface,1,Class A,7,,
0.027418301,µm^3,Surface,1,Class A,10,,
0.0608887,µm^3,Surface,1,Class C,0,,
0.128380999,µm^3,Surface,1,Class C,1,,
0.031086201,µm^3,Surface,1,Class C,2,,
0.102338001,µm^3,Surface,1,Class C,6,,
0.159465998,µm^3,Surface,1,Class C,7,,
0.178905994,µm^3,Surface,1,Class C,8,,
0.046645898,µm^3,Surface,1,Class C,9,,
0.132139996,µm^3,Surface,1,Class B,10,,
0.094725803,µm^3,Surface,1,Class C,11,,
24.76110077,µm^3,Surface,1,Class B,12,,
0.12297,µm^3,Surface,1,Class B,13,,
0.544607997,µm^3,Surface,1,Class C,15,,
0.072168201,µm^3,Surface,1,Class C,19,,
4.707709789,µm^3,Surface,1,Class B,21,,
0.374870986,µm^3,Surface,1,Class C,22,,
0.058963399,µm^3,Surface,1,Class C,23,,
0.423929989,µm^3,Surface,1,Class C,24,,
0.103804,µm^3,Surface,1,Class C,25,,
0.613107026,µm^3,Surface,1,Class C,26,,
0.038147099,µm^3,Surface,1,Class C,27,,
0.046767201,µm^3,Surface,1,Class C,29,,
0.179399997,µm^3,Surface,1,Class C,31,,
0.0369551,µm^3,Surface,1,Class C,32,,
0.202198997,µm^3,Surface,1,Class C,33,,
0.568081975,µm^3,Surface,1,Class C,34,,
0.036313199,µm^3,Surface,1,Class A,35,,
0.608520985,µm^3,Surface,1,Class A,36,,
4.138599873,µm^3,Surface,1,Class A,37,,
0.811546028,µm^3,Surface,1,Class A,39,,
0.088032,µm^3,Surface,1,Class A,40,,
0.701048017,µm^3,Surface,1,Class A,42,,
6.883739948,µm^3,Surface,1,Class A,1,,
2.420330048,µm^3,Surface,1,Class A,2,,
0.043557499,µm^3,Surface,1,Class A,5,,
0.180282995,µm^3,Surface,1,Class A,6,,
0.063456498,µm^3,Surface,1,Class A,7,,
0.353504002,µm^3,Surface,1,Class A,8,,
0.070609197,µm^3,Surface,1,Class A,9,,
0.287755013,µm^3,Surface,1,Class A,10,,
0.171296,µm^3,Surface,1,Class A,11,,
0.256760001,µm^3,Surface,1,Class A,12,,
0.019807201,µm^3,Surface,1,Class B,1,,
0.073268302,µm^3,Surface,1,Class B,2,,
3.173280001,µm^3,Surface,1,Class B,3,,
0.128838003,µm^3,Surface,1,Class B,4,,
0.781561017,µm^3,Surface,1,Class B,5,,
0.458133996,µm^3,Surface,1,Class B,6,,
0.045850199,µm^3,Surface,1,Class B,7,,
0.0528193,µm^3,Surface,1,Class B,8,,
0.183492005,µm^3,Surface,1,Class B,9,,
0.320766985,µm^3,Surface,1,Class B,10,,
0.104813002,µm^3,Surface,1,Class B,11,,
0.379180014,µm^3,Surface,1,Class B,12,,
0.109948002,µm^3,Surface,1,Class B,13,,
0.297657996,µm^3,Surface,1,Class B,14,,
0.512603998,µm^3,Surface,1,Class B,15,,
0.0850977,µm^3,Surface,1,Class B,16,,
0.147453994,µm^3,Surface,1,Class B,17,,
0.872524977,µm^3,Surface,1,Class B,18,,
0.039614499,µm^3,Surface,1,Class B,19,,
0.100869998,µm^3,Surface,1,Class B,20,,
0.150205001,µm^3,Surface,1,Class B,21,,
0.104079999,µm^3,Surface,1,Class B,22,,
0.615948975,µm^3,Surface,1,Class B,23,,
0.100045003,µm^3,Surface,1,Class B,25,,
0.655838013,µm^3,Surface,1,Class B,26,,
0.086895503,µm^3,Surface,1,Class B,27,,
0.0157724,µm^3,Surface,1,Class B,28,,
0.147728994,µm^3,Surface,1,Class B,29,,
0.432182997,µm^3,Surface,1,Class B,30,,
0.071709499,µm^3,Surface,1,Class B,31,,
0.514346004,µm^3,Surface,1,Class B,32,,
1.966160059,µm^3,Surface,1,Class B,33,,
0.287642002,µm^3,Surface,1,Class B,34,,
1.419880033,µm^3,Surface,1,Class D,0,,
0.236128002,µm^3,Surface,1,Class D,1,,
0.155614004,µm^3,Surface,1,Class D,2,,
0.195687994,µm^3,Surface,1,Class D,3,,
0.49288699,µm^3,Surface,1,Class D,5,,
0.281060994,µm^3,Surface,1,Class D,6,,
0.374963999,µm^3,Surface,1,Class D,7,,
0.089957803,µm^3,Surface,1,Class D,10,,
0.151030004,µm^3,Surface,1,Class D,11,,
0.136448994,µm^3,Surface,1,Class D,12,,
0.393305004,µm^3,Surface,1,Class D,14,,
0.163775995,µm^3,Surface,1,Class D,15,,
0.108756997,µm^3,Surface,1,Class D,16,,
5.685219765,µm^3,Surface,1,Class D,17,,
0.383949012,µm^3,Surface,1,Class D,18,,
0.057312898,µm^3,Surface,1,Class D,21,,
1.598240018,µm^3,Surface,1,Class D,23,,
0.026593,µm^3,Surface,1,Class D,24,,
0.218428999,µm^3,Surface,1,Class D,26,,
0.085830897,µm^3,Surface,1,Class D,27,,
0.124528997,µm^3,Surface,1,Class D,28,,
0.162492007,µm^3,Surface,1,Class D,29,,
0.95065701,µm^3,Surface,1,Class D,30,,
2.928539991,µm^3,Surface,1,Class D,31,,
0.468403012,µm^3,Surface,1,Class D,32,,
0.124252997,µm^3,Surface,1,Class D,33,,
0.109581001,µm^3,Surface,1,Class D,34,,
1.525979996,µm^3,Surface,1,Class D,35,,
0.188810006,µm^3,Surface,1,Class D,36,,
0.408706009,µm^3,Surface,1,Class D,37,,
0.332044989,µm^3,Surface,1,Class D,38,,
0.133424997,µm^3,Surface,1,Class D,39,,
0.190095007,µm^3,Surface,1,Class D,40,,
0.268040001,µm^3,Surface,1,Class D,41,,
0.632272005,µm^3,Surface,1,Class D,42,,
0.882246017,µm^3,Surface,1,Class D,43,,
0.819983006,µm^3,Surface,1,Class D,44,,
0.28491199,µm^3,Surface,1,Class D,46,,
1.865730047,µm^3,Surface,1,Class D,47,,
0.189361006,µm^3,Surface,1,Class D,48,,
0.888020992,µm^3,Surface,1,Class D,49,,
0.365884006,µm^3,Surface,1,Class D,50,,
0.306003988,µm^3,Surface,1,Class D,51,,
0.237961993,µm^3,Surface,1,Class D,52,,
0.141861007,µm^3,Surface,1,Class D,53,,
0.870236993,µm^3,Surface,1,Class D,54,,
0.160292,µm^3,Surface,1,Class D,55,,
0.143968999,µm^3,Surface,1,Class D,56,,
0.343966007,µm^3,Surface,1,Class D,57,,
0.575236022,µm^3,Surface,1,Class D,58,,
0.235760003,µm^3,Surface,1,Class D,59,,
0.171204001,µm^3,Surface,1,Class D,60,,
0.51086098,µm^3,Surface,1,Class D,61,,
0.321319014,µm^3,Surface,1,Class D,62,,
0.478767008,µm^3,Surface,1,Class D,63,,
0.184775993,µm^3,Surface,1,Class D,64,,
0.373679012,µm^3,Surface,1,Class D,65,,
0.444655001,µm^3,Surface,1,Class D,66,,
0.290874988,µm^3,Surface,1,Class D,67,,
0.525076985,µm^3,Surface,1,Class D,68,,
0.761111021,µm^3,Surface,1,Class D,69,,
0.516270995,µm^3,Surface,1,Class D,70,,
0.608523011,µm^3,Surface,1,Class D,71,,
0.064739801,µm^3,Surface,1,Class D,72,,
0.300500005,µm^3,Surface,1,Class D,73,,
0.554602027,µm^3,Surface,1,Class D,74,,
2.623359919,µm^3,Surface,1,Class D,75,,
0.192203999,µm^3,Surface,1,Class D,76,,
0.25235799,µm^3,Surface,1,Class D,77,,
0.124252997,µm^3,Surface,1,Class D,78,,
0.154697999,µm^3,Surface,1,Class D,79,,
0.295549005,µm^3,Surface,1,Class D,81,,
0.112241,µm^3,Surface,1,Class D,82,,
0.329935998,µm^3,Surface,1,Class D,83,,
0.317191005,µm^3,Surface,1,Class D,84,,
2.389889956,µm^3,Surface,1,Class D,85,,
0.156991005,µm^3,Surface,1,Class D,86,,
0.311228991,µm^3,Surface,1,Class D,87,,
0.226041004,µm^3,Surface,1,Class D,88,,
0.891692996,µm^3,Surface,1,Class D,89,,
0.347909987,µm^3,Surface,1,Class D,90,,
0.31663999,µm^3,Surface,1,Class D,92,,
0.666750014,µm^3,Surface,1,Class D,93,,
0.055569999,µm^3,Surface,1,Class D,94,,
0.288762987,µm^3,Surface,1,Class D,98,,
0.326086015,µm^3,Surface,1,Class D,99,,
0.284727991,µm^3,Surface,1,Class D,100,,
0.362123996,µm^3,Surface,1,Class C,116,,
0.296559989,µm^3,Surface,1,Class B,117,,
0.778717995,µm^3,Surface,1,Class B,118,,
1.654729962,µm^3,Surface,1,Class B,119,,
0.046950601,µm^3,Surface,1,Class C,120,,
0.670051992,µm^3,Surface,1,Class C,121,,
0.913699985,µm^3,Surface,1,Class C,122,,
0.531126976,µm^3,Surface,1,Class C,124,,
1.063349962,µm^3,Surface,1,Class C,126,,
0.283261001,µm^3,Surface,1,Class C,127,,
0.237960994,µm^3,Surface,1,Class C,129,,
0.409532011,µm^3,Surface,1,Class C,130,,
1.03997004,µm^3,Surface,1,Class C,131,,
0.182391003,µm^3,Surface,1,Class C,132,,
0.144611001,µm^3,Surface,1,Class C,133,,
0.100227997,µm^3,Surface,1,Class C,134,,
0.195503995,µm^3,Surface,1,Class C,135,,
0.818606973,µm^3,Surface,1,Class C,136,,
0.580277979,µm^3,Surface,1,Class C,138,,
0.066023901,µm^3,Surface,1,Class C,139,,
0.470423013,µm^3,Surface,1,Class C,140,,
0.401829988,µm^3,Surface,1,Class C,141,,
0.658315003,µm^3,Surface,1,Class C,142,,
1.045289993,µm^3,Surface,1,Class C,143,,
0.101971,µm^3,Surface,1,Class C,145,,
0.068775102,µm^3,Surface,1,Class C,146,,
0.120769002,µm^3,Surface,1,Class C,148,,
0.146904007,µm^3,Surface,1,Class C,149,,
0.434751004,µm^3,Surface,1,Class C,150,,
0.078220397,µm^3,Surface,1,Class C,151,,
0.133056998,µm^3,Surface,1,Class C,152,,
0.358547002,µm^3,Surface,1,Class C,153,,
0.397886008,µm^3,Surface,1,Class C,155,,
0.097477101,µm^3,Surface,1,Class C,158,,
0.0178815,µm^3,Surface,1,Class C,159,,
0.095000997,µm^3,Surface,1,Class C,160,,
0.169002995,µm^3,Surface,1,Class C,162,,
0.697013974,µm^3,Surface,1,Class C,163,,
0.087940402,µm^3,Surface,1,Class C,164,,
0.140209004,µm^3,Surface,1,Class C,165,,
1.286000013,µm^3,Surface,1,Class C,166,,
0.100412004,µm^3,Surface,1,Class C,167,,
1.240149975,µm^3,Surface,1,Class C,168,,
0.019440399,µm^3,Surface,1,Class C,169,,
0.220447004,µm^3,Surface,1,Class C,170,,
2.367150068,µm^3,Surface,1,Class C,171,,
0.087206498,µm^3,Surface,1,Class C,172,,
1.943950057,µm^3,Surface,1,Class C,173,,
1.487190008,µm^3,Surface,1,Class C,174,,
0.247591004,µm^3,Surface,1,Class C,175,,
9.75963974,µm^3,Surface,1,Class C,176,,
1.327909946,µm^3,Surface,1,Class C,177,,
0.049976502,µm^3,Surface,1,Class C,178,,
1.829869986,µm^3,Surface,1,Class C,179,,
0.096652001,µm^3,Surface,1,Class C,180,,
3.029619932,µm^3,Surface,1,Class C,181,,
1.800529957,µm^3,Surface,1,Class C,182,,
0.0281519,µm^3,Surface,1,Class C,183,,
0.0143052,µm^3,Surface,1,Class C,184,,
0.709299982,µm^3,Surface,1,Class C,185,,
0.0149471,µm^3,Surface,1,Class C,186,,
0.204583004,µm^3,Surface,1,Class C,187,,
0.709116995,µm^3,Surface,1,Class C,188,,
0.307377994,µm^3,Surface,1,Class C,189,,
0.110682003,µm^3,Surface,1,Class C,190,,
1.562299967,µm^3,Surface,1,Class C,191,,
0.195412993,µm^3,Surface,1,Class C,192,,
0.57358402,µm^3,Surface,1,Class C,193,,
0.141951993,µm^3,Surface,1,Class C,194,,
0.082713597,µm^3,Surface,1,Class C,195,,
0.500132024,µm^3,Surface,1,Class C,196,,
0.602560997,µm^3,Surface,1,Class C,197,,
0.876102984,µm^3,Surface,1,Class C,198,,
0.254283994,µm^3,Surface,1,Class C,199,,
0.588898003,µm^3,Surface,1,Class C,200,,
0.987884998,µm^3,Surface,1,Class C,202,,
0.456115007,µm^3,Surface,1,Class C,203,,
0.390091985,µm^3,Surface,1,Class C,204,,
0.093646601,µm^3,Surface,1,Class A,206,,
2.734679937,µm^3,Surface,1,Class A,207,,
0.567165017,µm^3,Surface,1,Class A,208,,
2.189699888,µm^3,Surface,1,Class A,209,,
12.59060001,µm^3,Surface,1,Class B,0,,
0.141677007,µm^3,Surface,1,Class B,2,,
0.000366803,µm^3,Surface,1,Class A,4,,
0.317007005,µm^3,Surface,1,Class B,5,,
0.751848996,µm^3,Surface,1,Class B,6,,
0.333604991,µm^3,Surface,1,Class B,7,,
0.071342602,µm^3,Surface,1,Class B,8,,
31.86750031,µm^3,Surface,1,Class A,9,,
0.132231995,µm^3,Surface,1,Class B,10,,
0.254375994,µm^3,Surface,1,Class B,12,,
0.36689201,µm^3,Surface,1,Class B,13,,
0.177072003,µm^3,Surface,1,Class A,14,,
1.160099983,µm^3,Surface,1,Class B,15,,
0.75148201,µm^3,Surface,1,Class A,16,,
0.237503007,µm^3,Surface,1,Class A,17,,
0.195962995,µm^3,Surface,1,Class A,18,,
0.073176697,µm^3,Surface,1,Class A,19,,
0.118018001,µm^3,Surface,1,Class A,0,,
0.128288001,µm^3,Surface,1,Class A,2,,
0.077211402,µm^3,Surface,1,Class A,3,,
0.166527003,µm^3,Surface,1,Class A,4,,
0.147177994,µm^3,Surface,1,Class A,5,,
0.0140301,µm^3,Surface,1,Class A,6,,
0.049151301,µm^3,Surface,1,Class A,7,,
0.129756004,µm^3,Surface,1,Class A,8,,
0.222555995,µm^3,Surface,1,Class A,9,,
0.0141219,µm^3,Surface,1,Class A,10,,
0.142501995,µm^3,Surface,1,Class A,11,,
0.110040002,µm^3,Surface,1,Class A,12,,
0.0145804,µm^3,Surface,1,Class A,0,,
0.049609799,µm^3,Surface,1,Class A,2,,
1.491219997,µm^3,Surface,1,Class A,4,,
0.042365398,µm^3,Surface,1,Class A,5,,
0.052085701,µm^3,Surface,1,Class A,8,,
0.208250999,µm^3,Surface,1,Class A,9,,
0.236128002,µm^3,Surface,1,Class A,11,,
0.0281519,µm^3,Surface,1,Class A,13,,
0.040256198,µm^3,Surface,1,Class A,14,,
0.218429998,µm^3,Surface,1,Class A,16,,
0.037322,µm^3,Surface,1,Class A,17,,
0.045116499,µm^3,Surface,1,Class A,18,,
0.0338373,µm^3,Surface,1,Class A,20,,
0.034937698,µm^3,Surface,1,Class A,21,,
1.470870018,µm^3,Surface,1,Class A,22,,
0.159282997,µm^3,Surface,1,Class A,23,,
0.099861301,µm^3,Surface,1,Class B,0,,
2.375669956,µm^3,Surface,1,Class B,1,,
0.0219163,µm^3,Surface,1,Class A,2,,
0.038055498,µm^3,Surface,1,Class A,4,,
0.901139021,µm^3,Surface,1,Class A,7,,
0.188627005,µm^3,Surface,1,Class A,8,,
0.098852798,µm^3,Surface,1,Class A,9,,
0.157357007,µm^3,Surface,1,Class A,10,,
0.202565998,µm^3,Surface,1,Class A,11,,
0.106371999,µm^3,Surface,1,Class A,12,,
0.052635901,µm^3,Surface,1,Class A,13,,
0.648778975,µm^3,Surface,1,Class A,14,,
0.024209,µm^3,Surface,1,Class A,15,,
0.489677995,µm^3,Surface,1,Class A,16,,
0.333788007,µm^3,Surface,1,Class A,17,,
0.0154056,µm^3,Surface,1,Class A,18,,
0.197981,µm^3,Surface,1,Class A,19,,
0.036221601,µm^3,Surface,1,Class A,20,,
0.0255844,µm^3,Surface,1,Class A,21,,
0.325994015,µm^3,Surface,1,Class A,22,,
0.267580986,µm^3,Surface,1,Class A,23,,
0.081796601,µm^3,Surface,1,Class A,24,,
0.056670599,µm^3,Surface,1,Class A,25,,
0.310772002,µm^3,Surface,1,Class A,26,,
0.243097007,µm^3,Surface,1,Class A,27,,
0.0163226,µm^3,Surface,1,Class A,29,,
0.209902003,µm^3,Surface,1,Class A,33,,
0.0232001,µm^3,Surface,1,Class A,36,,
0.110315003,µm^3,Surface,1,Class A,37,,
0.103253998,µm^3,Surface,1,Class A,38,,
0.085556202,µm^3,Surface,1,Class A,40,,
0.151855007,µm^3,Surface,1,Class A,41,,
3.037559986,µm^3,Surface,1,Class A,42,,
0.0102704,µm^3,Surface,1,Class A,43,,
0.033837501,µm^3,Surface,1,Class A,45,,
2.081959963,µm^3,Surface,1,Class A,46,,
0.0121961,µm^3,Surface,1,Class A,48,,
0.043282501,µm^3,Surface,1,Class A,51,,
0.472714007,µm^3,Surface,1,Class A,52,,
0.395778,µm^3,Surface,1,Class A,53,,
0.0251258,µm^3,Surface,1,Class A,54,,
3.179699898,µm^3,Surface,1,Class A,55,,
0.251625001,µm^3,Surface,1,Class A,56,,
0.220264003,µm^3,Surface,1,Class A,57,,
0.0925254,µm^3,Surface,1,Class A,58,,
0.097018398,µm^3,Surface,1,Class A,60,,
0.095184699,µm^3,Surface,1,Class A,61,,
0.623468995,µm^3,Surface,1,Class A,63,,
0.308019996,µm^3,Surface,1,Class A,64,,
0.466111004,µm^3,Surface,1,Class A,65,,
0.076202802,µm^3,Surface,1,Class A,66,,
6.044879913,µm^3,Surface,1,Class B,0,,
0.349469006,µm^3,Surface,1,Class B,1,,
0.255935013,µm^3,Surface,1,Class B,2,,
1.349830031,µm^3,Surface,1,Class B,3,,
0.127554998,µm^3,Surface,1,Class B,4,,
1.938629985,µm^3,Surface,1,Class B,5,,
0.204307005,µm^3,Surface,1,Class A,0,,
2.749550104,µm^3,Surface,1,Class A,1,,
0.218704998,µm^3,Surface,1,Class A,2,,
0.612098992,µm^3,Surface,1,Class A,3,,
0.124344997,µm^3,Surface,1,Class A,4,,
0.167811006,µm^3,Surface,1,Class A,5,,
0.040256299,µm^3,Surface,1,Class A,6,,
0.088398904,µm^3,Surface,1,Class A,7,,
48.77059937,µm^3,Surface,1,Class A,8,,
0.998795986,µm^3,Surface,1,Class B,9,,
0.873627007,µm^3,Surface,1,Class B,10,,
0.123153001,µm^3,Surface,1,Class B,11,,
0.144611001,µm^3,Surface,1,Class B,12,,
0.154239997,µm^3,Surface,1,Class B,13,,
0.083172001,µm^3,Surface,1,Class B,14,,
24.53249931,µm^3,Surface,1,Class B,15,,
0.143052995,µm^3,Surface,1,Class A,0,,
0.0123795,µm^3,Surface,1,Class A,1,,
0.370745003,µm^3,Surface,1,Class A,5,,
0.761111021,µm^3,Surface,1,Class A,6,,
1.138640046,µm^3,Surface,1,Class A,8,,
0.387066007,µm^3,Surface,1,Class A,10,,
0.0120127,µm^3,Surface,1,Class A,12,,
0.144244999,µm^3,Surface,1,Class A,13,,
0.052727599,µm^3,Surface,1,Class A,16,,
0.011004,µm^3,Surface,1,Class A,18,,
0.115634002,µm^3,Surface,1,Class A,19,,
0.193579003,µm^3,Surface,1,Class A,20,,
0.0196239,µm^3,Surface,1,Class A,23,,
0.021457801,µm^3,Surface,1,Class A,24,,
0.190277994,µm^3,Surface,1,Class A,25,,
0.0234752,µm^3,Surface,1,Class A,28,,
0.965417981,µm^3,Surface,1,Class A,30,,
0.157907993,µm^3,Surface,1,Class A,31,,
0.424295992,µm^3,Surface,1,Class A,32,,
0.0412651,µm^3,Surface,1,Class A,33,,
0.383765012,µm^3,Surface,1,Class A,35,,
0.068316497,µm^3,Surface,1,Class A,36,,
0.069600403,µm^3,Surface,1,Class A,38,,
0.148461998,µm^3,Surface,1,Class B,0,,
0.0811546,µm^3,Surface,1,Class B,2,,
0.078770399,µm^3,Surface,1,Class B,3,,
0.160475001,µm^3,Surface,1,Class B,4,,
1.377979994,µm^3,Surface,1,Class B,5,,
0.297933012,µm^3,Surface,1,Class B,6,,
0.159832999,µm^3,Surface,1,Class B,8,,
0.0113708,µm^3,Surface,1,Class B,9,,
0.314348012,µm^3,Surface,1,Class B,10,,
0.124619998,µm^3,Surface,1,Class B,11,,
0.162401006,µm^3,Surface,1,Class B,13,,
0.078770399,µm^3,Surface,1,Class B,14,,
0.0545616,µm^3,Surface,1,Class B,15,,
0.0190736,µm^3,Surface,1,Class B,16,,
0.354970992,µm^3,Surface,1,Class B,17,,
0.545340002,µm^3,Surface,1,Class B,18,,
0.070792399,µm^3,Surface,1,Class B,19,,
0.055661999,µm^3,Surface,1,Class B,20,,
0.0101787,µm^3,Surface,1,Class B,21,,
0.0295274,µm^3,Surface,1,Class B,22,,
0.059971899,µm^3,Surface,1,Class B,23,,
0.055879898,µm^3,Surface,1,Class A,25,,
0.644926012,µm^3,Surface,1,Class A,26,,
0.063089699,µm^3,Surface,1,Class B,31,,
0.352221996,µm^3,Surface,1,Class A,32,,
0.272533,µm^3,Surface,1,Class B,33,,
0.048417799,µm^3,Surface,1,Class A,34,,
0.421820998,µm^3,Surface,1,Class B,37,,
0.0385141,µm^3,Surface,1,Class B,39,,
0.094176099,µm^3,Surface,1,Class B,40,,
0.117743,µm^3,Surface,1,Class B,41,,
0.029894199,µm^3,Surface,1,Class B,43,,
0.130031005,µm^3,Surface,1,Class B,44,,
0.0252175,µm^3,Surface,1,Class B,45,,
0.065382101,µm^3,Surface,1,Class B,47,,
0.63795799,µm^3,Surface,1,Class B,48,,
0.042090401,µm^3,Surface,1,Class B,49,,
0.161942005,µm^3,Surface,1,Class B,50,,
0.067307897,µm^3,Surface,1,Class B,51,,
0.584954977,µm^3,Surface,1,Class B,52,,
0.0973856,µm^3,Surface,1,Class B,53,,
0.119576998,µm^3,Surface,1,Class B,54,,
0.843550026,µm^3,Surface,1,Class B,55,,
0.024208801,µm^3,Surface,1,Class B,56,,
0.029069001,µm^3,Surface,1,Class B,58,,
0.280418992,µm^3,Surface,1,Class B,59,,
0.046491999,µm^3,Surface,1,Class B,60,,
0.416684985,µm^3,Surface,1,Class B,62,,
0.083263703,µm^3,Surface,1,Class B,63,,
0.150572002,µm^3,Surface,1,Class B,64,,
0.108205996,µm^3,Surface,1,Class B,66,,
0.240713,µm^3,Surface,1,Class B,68,,
0.033378899,µm^3,Surface,1,Class B,70,,
0.229525998,µm^3,Surface,1,Class B,72,,
0.0531861,µm^3,Surface,1,Class B,73,,
0.0920671,µm^3,Surface,1,Class B,74,,
0.581194997,µm^3,Surface,1,Class B,75,,
0.900219977,µm^3,Surface,1,Class B,76,,
0.0157724,µm^3,Surface,1,Class B,77,,
0.616225004,µm^3,Surface,1,Class B,80,,
0.040806599,µm^3,Surface,1,Class B,81,,
0.088215403,µm^3,Surface,1,Class B,82,,
0.111598998,µm^3,Surface,1,Class B,83,,
0.108572997,µm^3,Surface,1,Class B,84,,
1.22950995,µm^3,Surface,1,Class B,86,,
0.364140987,µm^3,Surface,1,Class B,87,,
0.086014703,µm^3,Surface,1,Class B,88,,
0.460884988,µm^3,Surface,1,Class B,89,,
0.406782001,µm^3,Surface,1,Class B,90,,
0.029986,µm^3,Surface,1,Class B,91,,
0.068316497,µm^3,Surface,1,Class B,92,,
0.139751002,µm^3,Surface,1,Class B,93,,
0.403479993,µm^3,Surface,1,Class B,94,,
0.253459007,µm^3,Surface,1,Class B,95,,
0.033654001,µm^3,Surface,1,Class B,96,,
0.114992,µm^3,Surface,1,Class B,97,,
0.369551003,µm^3,Surface,1,Class B,98,,
0.348919004,µm^3,Surface,1,Class B,101,,
0.0124712,µm^3,Surface,1,Class B,102,,
0.0126546,µm^3,Surface,1,Class B,103,,
0.086748302,µm^3,Surface,1,Class B,104,,
0.29756701,µm^3,Surface,1,Class B,105,,
0.0124712,µm^3,Surface,1,Class B,106,,
0.245848,µm^3,Surface,1,Class B,107,,
0.585322022,µm^3,Surface,1,Class B,108,,
0.444745004,µm^3,Surface,1,Class B,109,,
0.036038201,µm^3,Surface,1,Class B,110,,
0.762301981,µm^3,Surface,1,Class B,112,,
0.088949099,µm^3,Surface,1,Class B,114,,
0.553227007,µm^3,Surface,1,Class B,115,,
0.140393004,µm^3,Surface,1,Class B,119,,
0.0175147,µm^3,Surface,1,Class B,121,,
0.096560404,µm^3,Surface,1,Class B,124,,
0.474364996,µm^3,Surface,1,Class B,126,,
0.163409993,µm^3,Surface,1,Class B,127,,
0.092525303,µm^3,Surface,1,Class B,128,,
2.006489992,µm^3,Surface,1,Class B,129,,
0.0367717,µm^3,Surface,1,Class B,130,,
0.314440012,µm^3,Surface,1,Class B,132,,
0.0164143,µm^3,Surface,1,Class B,134,,
0.044291101,µm^3,Surface,1,Class B,137,,
0.257952005,µm^3,Surface,1,Class B,139,,
0.088949203,µm^3,Surface,1,Class B,141,,
0.0142135,µm^3,Surface,1,Class B,142,,
0.120402001,µm^3,Surface,1,Class B,143,,
0.365332991,µm^3,Surface,1,Class B,144,,
0.183492005,µm^3,Surface,1,Class B,146,,
1.208240032,µm^3,Surface,1,Class B,147,,
0.0121044,µm^3,Surface,1,Class B,148,,
0.542590022,µm^3,Surface,1,Class B,155,,
0.042181998,µm^3,Surface,1,Class B,156,,
0.119393997,µm^3,Surface,1,Class A,2,,
0.0163226,µm^3,Surface,1,Class A,3,,
0.281794995,µm^3,Surface,1,Class A,4,,
0.077853397,µm^3,Surface,1,Class A,6,,
0.062906198,µm^3,Surface,1,Class A,7,,
0.090232797,µm^3,Surface,1,Class A,9,,
0.040256299,µm^3,Surface,1,Class A,10,,
0.071526103,µm^3,Surface,1,Class A,11,,
0.021182699,µm^3,Surface,1,Class A,12,,
0.016597699,µm^3,Surface,1,Class A,15,,
0.071526103,µm^3,Surface,1,Class A,16,,
0.515170991,µm^3,Surface,1,Class A,18,,
0.512237012,µm^3,Surface,1,Class A,19,,
0.053277701,µm^3,Surface,1,Class A,20,,
0.052727502,µm^3,Surface,1,Class A,21,,
0.430622995,µm^3,Surface,1,Class A,22,,
0.0245755,µm^3,Surface,1,Class A,23,,
0.048601002,µm^3,Surface,1,Class A,24,,
0.145161003,µm^3,Surface,1,Class A,25,,
0.027234901,µm^3,Surface,1,Class A,26,,
0.0440161,µm^3,Surface,1,Class A,28,,
0.0102704,µm^3,Surface,1,Class A,29,,
0.066482499,µm^3,Surface,1,Class A,31,,
0.095551603,µm^3,Surface,1,Class A,32,,
0.198531002,µm^3,Surface,1,Class A,33,,
0.064465001,µm^3,Surface,1,Class A,34,,
0.144886002,µm^3,Surface,1,Class A,36,,
0.111598998,µm^3,Surface,1,Class A,37,,
0.271614999,µm^3,Surface,1,Class A,38,,
0.068133101,µm^3,Surface,1,Class A,39,,
0.064648502,µm^3,Surface,1,Class A,41,,
0.065657102,µm^3,Surface,1,Class A,42,,
0.036313299,µm^3,Surface,1,Class A,43,,
0.21311,µm^3,Surface,1,Class A,44,,
0.237136006,µm^3,Surface,1,Class A,45,,
0.0464001,µm^3,Surface,1,Class A,46,,
0.031544901,µm^3,Surface,1,Class A,48,,
0.016872801,µm^3,Surface,1,Class A,49,,
0.024483901,µm^3,Surface,1,Class A,50,,
0.066849299,µm^3,Surface,1,Class A,51,,
0.0142136,µm^3,Surface,1,Class A,52,,
0.0157724,µm^3,Surface,1,Class A,56,,
0.054745201,µm^3,Surface,1,Class A,57,,
0.0135716,µm^3,Surface,1,Class A,59,,
0.052727699,µm^3,Surface,1,Class A,60,,
0.0234752,µm^3,Surface,1,Class A,61,,
0.047225598,µm^3,Surface,1,Class A,62,,
0.056303799,µm^3,Surface,1,Class A,63,,
0.0357631,µm^3,Surface,1,Class A,65,,
0.015589,µm^3,Surface,1,Class A,66,,
0.084822603,µm^3,Surface,1,Class A,67,,
0.0255844,µm^3,Surface,1,Class A,68,,
0.059146699,µm^3,Surface,1,Class A,69,,
0.281060994,µm^3,Surface,1,Class A,70,,
0.019990699,µm^3,Surface,1,Class A,71,,
0.063364796,µm^3,Surface,1,Class A,72,,
0.122052997,µm^3,Surface,1,Class A,73,,
0.056854099,µm^3,Surface,1,Class A,74,,
0.083905697,µm^3,Surface,1,Class A,76,,
0.171112001,µm^3,Surface,1,Class A,77,,
0.061072301,µm^3,Surface,1,Class A,78,,
0.020999299,µm^3,Surface,1,Class A,79,,
0.045116499,µm^3,Surface,1,Class A,80,,
0.021457801,µm^3,Surface,1,Class A,81,,
0.059329901,µm^3,Surface,1,Class A,82,,
0.015772499,µm^3,Surface,1,Class A,84,,
0.27592501,µm^3,Surface,1,Class A,85,,
0.104079999,µm^3,Surface,1,Class A,86,,
0.021274401,µm^3,Surface,1,Class A,88,,
0.065198697,µm^3,Surface,1,Class A,89,,
0.197981,µm^3,Surface,1,Class A,90,,
0.0289772,µm^3,Surface,1,Class A,91,,
0.0530027,µm^3,Surface,1,Class A,95,,
0.064281501,µm^3,Surface,1,Class A,98,,
0.041356798,µm^3,Surface,1,Class A,99,,
0.0102704,µm^3,Surface,1,Class A,100,,
0.0234752,µm^3,Surface,1,Class A,102,,
0.062264599,µm^3,Surface,1,Class A,104,,
0.070517503,µm^3,Surface,1,Class A,105,,
0.39963001,µm^3,Surface,1,Class A,106,,
0.064923704,µm^3,Surface,1,Class A,107,,
0.068133399,µm^3,Surface,1,Class A,111,,
0.056028601,µm^3,Surface,1,Class A,112,,
0.0516272,µm^3,Surface,1,Class A,113,,
0.0592383,µm^3,Surface,1,Class A,114,,
0.113433003,µm^3,Surface,1,Class A,115,,
0.040439598,µm^3,Surface,1,Class A,116,,
0.047500599,µm^3,Surface,1,Class A,118,,
0.357721001,µm^3,Surface,1,Class A,119,,
0.364600003,µm^3,Surface,1,Class A,120,,
0.087481998,µm^3,Surface,1,Class A,121,,
0.0512603,µm^3,Surface,1,Class A,123,,
0.090966403,µm^3,Surface,1,Class A,124,,
0.097018503,µm^3,Surface,1,Class A,125,,
0.0163226,µm^3,Surface,1,Class A,127,,
0.069784001,µm^3,Surface,1,Class A,129,,
0.191836998,µm^3,Surface,1,Class A,130,,
0.036038101,µm^3,Surface,1,Class A,133,,
0.017973199,µm^3,Surface,1,Class A,135,,
0.036405001,µm^3,Surface,1,Class A,137,,
0.067583002,µm^3,Surface,1,Class A,138,,
0.0264096,µm^3,Surface,1,Class A,140,,
0.232093006,µm^3,Surface,1,Class A,142,,
0.129664004,µm^3,Surface,1,Class A,143,,
0.029985899,µm^3,Surface,1,Class A,144,,
0.095918298,µm^3,Surface,1,Class A,146,,
0.0198071,µm^3,Surface,1,Class A,147,,
0.0102704,µm^3,Surface,1,Class A,148,,
0.0164143,µm^3,Surface,1,Class A,149,,
0.40971601,µm^3,Surface,1,Class A,150,,
0.038422301,µm^3,Surface,1,Class A,151,,
0.886923015,µm^3,Surface,1,Class A,152,,
0.084731199,µm^3,Surface,1,Class A,153,,
0.011921,µm^3,Surface,1,Class A,154,,
0.236219004,µm^3,Surface,1,Class A,155,,
0.209352002,µm^3,Surface,1,Class A,156,,
0.055111799,µm^3,Surface,1,Class A,157,,
0.120035999,µm^3,Surface,1,Class A,159,,
0.198623002,µm^3,Surface,1,Class A,160,,
0.056028701,µm^3,Surface,1,Class A,162,,
0.055020101,µm^3,Surface,1,Class A,163,,
0.093992598,µm^3,Surface,1,Class A,164,,
0.097293802,µm^3,Surface,1,Class A,167,,
0.049426299,µm^3,Surface,1,Class A,168,,
0.110864997,µm^3,Surface,1,Class A,169,,
0.075285897,µm^3,Surface,1,Class A,170,,
0.058963198,µm^3,Surface,1,Class A,171,,
0.098852597,µm^3,Surface,1,Class A,173,,
0.068591699,µm^3,Surface,1,Class A,174,,
0.069967203,µm^3,Surface,1,Class A,175,,
0.067766301,µm^3,Surface,1,Class A,176,,
0.581929028,µm^3,Surface,1,Class A,177,,
0.0143052,µm^3,Surface,1,Class A,179,,
0.067674696,µm^3,Surface,1,Class A,180,,
0.067216203,µm^3,Surface,1,Class A,181,,
0.152955994,µm^3,Surface,1,Class A,183,,
0.231818005,µm^3,Surface,1,Class A,184,,
0.038880799,µm^3,Surface,1,Class A,185,,
0.120402001,µm^3,Surface,1,Class A,186,,
0.384864986,µm^3,Surface,1,Class A,187,,
0.077028103,µm^3,Surface,1,Class A,188,,
0.128839001,µm^3,Surface,1,Class A,189,,
0.034479201,µm^3,Surface,1,Class A,190,,
0.103804,µm^3,Surface,1,Class A,191,,
0.126362994,µm^3,Surface,1,Class A,192,,
0.141585007,µm^3,Surface,1,Class A,193,,
0.0486928,µm^3,Surface,1,Class A,194,,
0.069325201,µm^3,Surface,1,Class A,195,,
0.285463005,µm^3,Surface,1,Class A,196,,
0.091700301,µm^3,Surface,1,Class A,197,,
0.0618059,µm^3,Surface,1,Class A,198,,
0.120585002,µm^3,Surface,1,Class A,199,,
1.39320004,µm^3,Surface,1,Class A,201,,
0.0163226,µm^3,Surface,1,Class A,202,,
0.224482,µm^3,Surface,1,Class A,203,,
0.786696017,µm^3,Surface,1,Class A,204,,
0.111231998,µm^3,Surface,1,Class A,206,,
0.114166997,µm^3,Surface,1,Class A,207,,
1.341019988,µm^3,Surface,1,Class A,208,,
0.019898901,µm^3,Surface,1,Class A,209,,
0.140943006,µm^3,Surface,1,Class A,210,,
0.0308112,µm^3,Surface,1,Class A,211,,
0.043557499,µm^3,Surface,1,Class A,212,,
0.104997002,µm^3,Surface,1,Class A,213,,
0.084455699,µm^3,Surface,1,Class A,214,,
0.045850102,µm^3,Surface,1,Class A,215,,
0.038972501,µm^3,Surface,1,Class A,216,,
0.042824,µm^3,Surface,1,Class A,218,,
1.626299977,µm^3,Surface,1,Class A,219,,
0.862255991,µm^3,Surface,1,Class A,220,,
0.081888303,µm^3,Surface,1,Class A,221,,
0.042365398,µm^3,Surface,1,Class A,222,,
0.0340207,µm^3,Surface,1,Class A,224,,
0.159282997,µm^3,Surface,1,Class A,227,,
0.067032799,µm^3,Surface,1,Class A,228,,
0.291422993,µm^3,Surface,1,Class A,229,,
0.314440012,µm^3,Surface,1,Class A,0,,
2.068589926,µm^3,Surface,1,Class A,2,,
0.731968999,µm^3,Surface,1,Class A,3,,
1.44509995,µm^3,Surface,1,Class A,4,,
0.101236999,µm^3,Surface,1,Class A,5,,
2.411070108,µm^3,Surface,1,Class A,6,,
0.0176981,µm^3,Surface,1,Class A,0,,
0.112149,µm^3,Surface,1,Class A,2,,
0.063364796,µm^3,Surface,1,Class A,4,,
0.0139385,µm^3,Surface,1,Class A,5,,
0.204858005,µm^3,Surface,1,Class A,7,,
0.015955901,µm^3,Surface,1,Class A,8,,
0.235303,µm^3,Surface,1,Class A,9,,
0.116825998,µm^3,Surface,1,Class A,10,,
0.065657198,µm^3,Surface,1,Class A,11,,
0.0876652,µm^3,Surface,1,Class A,12,,
0.150847003,µm^3,Surface,1,Class A,13,,
0.493164003,µm^3,Surface,1,Class A,18,,
0.072167903,µm^3,Surface,1,Class A,19,,
0.360655993,µm^3,Surface,1,Class A,20,,
0.033195399,µm^3,Surface,1,Class A,21,,
0.057037599,µm^3,Surface,1,Class A,23,,
0.098394297,µm^3,Surface,1,Class A,24,,
0.0121961,µm^3,Surface,1,Class A,25,,
0.260978997,µm^3,Surface,1,Class A,26,,
0.399812013,µm^3,Surface,1,Class A,27,,
0.061622299,µm^3,Surface,1,Class A,28,,
0.0118293,µm^3,Surface,1,Class A,29,,
3.446919918,µm^3,Surface,1,Class A,30,,
0.0220997,µm^3,Surface,1,Class A,32,,
0.143877998,µm^3,Surface,1,Class A,33,,
0.054653302,µm^3,Surface,1,Class A,34,,
0.135625005,µm^3,Surface,1,Class A,36,,
0.046400301,µm^3,Surface,1,Class A,37,,
0.57358402,µm^3,Surface,1,Class A,38,,
0.188535005,µm^3,Surface,1,Class A,39,,
0.148920998,µm^3,Surface,1,Class A,40,,
0.055203401,µm^3,Surface,1,Class A,41,,
0.095826603,µm^3,Surface,1,Class A,43,,
0.107106,µm^3,Surface,1,Class A,44,,
0.10142,µm^3,Surface,1,Class A,45,,
0.601369023,µm^3,Surface,1,Class A,46,,
0.227048993,µm^3,Surface,1,Class A,47,,
0.141310006,µm^3,Surface,1,,48,,
0.102978997,µm^3,Surface,1,Class A,49,,
0.18716,µm^3,Surface,1,Class B,3,,
0.515537977,µm^3,Surface,1,Class B,7,,
0.93167299,µm^3,Surface,1,Class B,9,,
0.101236999,µm^3,Surface,1,Class B,11,,
2.117170095,µm^3,Surface,1,Class B,12,,
0.035671301,µm^3,Surface,1,Class B,13,,
0.035487998,µm^3,Surface,1,Class B,16,,
0.022741601,µm^3,Surface,1,Class B,18,,
0.0220997,µm^3,Surface,1,Class B,19,,
18.24580002,µm^3,Surface,1,Class B,20,,
3.760159969,µm^3,Surface,1,Class B,22,,
3.696799994,µm^3,Surface,1,Class B,24,,
0.25987801,µm^3,Surface,1,Class A,0,,
0.207149997,µm^3,Surface,1,Class A,1,,
7.596350193,µm^3,Surface,1,Class A,2,,
10.87790012,µm^3,Surface,1,Class A,3,,
0.0310863,µm^3,Surface,1,Class A,6,,
0.092067003,µm^3,Surface,1,Class A,0,,
0.072626397,µm^3,Surface,1,Class A,1,,
0.816222012,µm^3,Surface,1,Class A,2,,
0.019623799,µm^3,Surface,1,Class A,4,,
0.054745201,µm^3,Surface,1,Class A,5,,
0.590457976,µm^3,Surface,1,Class A,7,,
0.045850001,µm^3,Surface,1,Class A,10,,
0.0103621,µm^3,Surface,1,Class A,11,,
0.0120127,µm^3,Surface,1,Class A,13,,
0.021457801,µm^3,Surface,1,Class A,14,,
0.0142135,µm^3,Surface,1,Class A,15,,
0.0142135,µm^3,Surface,1,Class A,16,,
1.661149979,µm^3,Surface,1,Class A,18,,
0.034570899,µm^3,Surface,1,Class A,19,,
0.037872199,µm^3,Surface,1,Class A,20,,
0.037322,µm^3,Surface,1,Class A,24,,
0.055937,µm^3,Surface,1,Class A,25,,
0.0220998,µm^3,Surface,1,Class A,26,,
0.036680099,µm^3,Surface,1,Class A,27,,
0.774223983,µm^3,Surface,1,Class A,28,,
0.129114002,µm^3,Surface,1,Class A,29,,
5.052760124,µm^3,Surface,1,Class A,30,,
0.0127463,µm^3,Surface,1,Class A,31,,
0.173587993,µm^3,Surface,1,Class A,32,,
0.12297,µm^3,Surface,1,Class A,33,,
0.039247598,µm^3,Surface,1,Class A,34,,
0.012838,µm^3,Surface,1,Class A,35,,
0.048326001,µm^3,Surface,1,Class C,0,,
0.135899007,µm^3,Surface,1,Class C,1,,
1.195580006,µm^3,Surface,1,Class C,2,,
0.51058501,µm^3,Surface,1,Class A,4,,
0.456299007,µm^3,Surface,1,Class C,5,,
2.612260103,µm^3,Surface,1,Class A,6,,
5.231029987,µm^3,Surface,1,Class D,8,,
3.641690016,µm^3,Surface,1,Class A,9,,
0.140302002,µm^3,Surface,1,Class A,10,,
0.45024699,µm^3,Surface,1,Class A,11,,
0.328060001,µm^3,Surface,1,Class D,12,,
0.113984004,µm^3,Surface,1,Class A,13,,
0.133974001,µm^3,Surface,1,Class C,14,,
0.173221007,µm^3,Surface,1,Class C,15,,
1.526069999,µm^3,Surface,1,Class C,17,,
0.019623799,µm^3,Surface,1,Class C,19,,
0.506093025,µm^3,Surface,1,Class C,20,,
0.283903003,µm^3,Surface,1,Class C,21,,
0.53323698,µm^3,Surface,1,Class C,22,,
1.476740003,µm^3,Surface,1,Class C,23,,
0.325536013,µm^3,Surface,1,Class B,24,,
1.667289972,µm^3,Surface,1,Class B,25,,
0.348277003,µm^3,Surface,1,Class B,26,,
0.140026003,µm^3,Surface,1,Class B,27,,
1.132130027,µm^3,Surface,1,Class B,0,,
0.074919097,µm^3,Surface,1,Class B,1,,
1.380270004,µm^3,Surface,1,Class B,2,,
4.683499813,µm^3,Surface,1,Class B,3,,
0.040256299,µm^3,Surface,1,Class A,0,,
0.025951199,µm^3,Surface,1,Class A,5,,
0.0163226,µm^3,Surface,1,Class A,7,,
0.045850001,µm^3,Surface,1,Class A,9,,
1.777519941,µm^3,Surface,1,Class A,14,,
1.588340044,µm^3,Surface,1,Class A,15,,
0.0235669,µm^3,Surface,1,Class A,16,,
5.815609932,µm^3,Surface,1,Class A,17,,
0.022741601,µm^3,Surface,1,Class A,21,,
0.029710799,µm^3,Surface,1,Class A,22,,
0.037322,µm^3,Surface,1,Class A,26,,
0.023933699,µm^3,Surface,1,Class A,27,,
0.167078003,µm^3,Surface,1,Class A,28,,
0.063914798,µm^3,Surface,1,Class A,29,,
0.031177999,µm^3,Surface,1,Class A,31,,
0.026776399,µm^3,Surface,1,Class A,33,,
0.0223749,µm^3,Surface,1,Class A,34,,
0.024025301,µm^3,Surface,1,Class A,35,,
0.021641299,µm^3,Surface,1,Class A,36,,
0.0270516,µm^3,Surface,1,Class A,37,,
0.0322784,µm^3,Surface,1,Class A,39,,
0.0241173,µm^3,Surface,1,Class A,42,,
0.023200201,µm^3,Surface,1,Class A,44,,
0.0426406,µm^3,Surface,1,Class A,47,,
2.589329958,µm^3,Surface,1,Class A,55,,
0.037872199,µm^3,Surface,1,Class A,56,,
0.050801799,µm^3,Surface,1,Class A,59,,
0.0533695,µm^3,Surface,1,Class A,61,,
0.044199601,µm^3,Surface,1,Class A,62,,
0.095551297,µm^3,Surface,1,Class A,64,,
0.081062898,µm^3,Surface,1,Class A,67,,
0.0163226,µm^3,Surface,1,Class A,71,,
0.043374099,µm^3,Surface,1,Class A,72,,
0.0309946,µm^3,Surface,1,Class A,75,,
0.046033502,µm^3,Surface,1,Class A,77,,
0.020174,µm^3,Surface,1,Class A,79,,
0.0223749,µm^3,Surface,1,Class A,82,,
0.016964501,µm^3,Surface,1,Class A,83,,
0.0297109,µm^3,Surface,1,Class A,84,,
0.0885823,µm^3,Surface,1,Class A,88,,
0.0407148,µm^3,Surface,1,Class A,89,,
0.019532099,µm^3,Surface,1,Class A,94,,
0.0124713,µm^3,Surface,1,Class A,97,,
0.033562299,µm^3,Surface,1,Class A,98,,
0.097935602,µm^3,Surface,1,Class A,104,,
0.016139301,µm^3,Surface,1,Class A,105,,
0.0264096,µm^3,Surface,1,Class A,110,,
0.084730901,µm^3,Surface,1,Class A,111,,
0.020357501,µm^3,Surface,1,Class A,112,,
0.011921,µm^3,Surface,1,Class A,115,,
0.0145803,µm^3,Surface,1,Class A,116,,
0.019807201,µm^3,Surface,1,Class A,117,,
0.0142135,µm^3,Surface,1,Class A,118,,
0.071801201,µm^3,Surface,1,Class A,119,,
0.0398895,µm^3,Surface,1,Class A,120,,
0.203941002,µm^3,Surface,1,Class A,121,,
0.0151305,µm^3,Surface,1,Class A,122,,
0.059421498,µm^3,Surface,1,Class A,124,,
0.096835099,µm^3,Surface,1,Class A,131,,
0.096927397,µm^3,Surface,1,Class A,132,,
0.015680701,µm^3,Surface,1,Class A,133,,
0.0164143,µm^3,Surface,1,Class A,139,,
0.0198071,µm^3,Surface,1,Class A,141,,
0.0102704,µm^3,Surface,1,Class A,142,,
0.0571291,µm^3,Surface,1,Class A,143,,
0.0573125,µm^3,Surface,1,Class A,144,,
0.0255844,µm^3,Surface,1,Class A,145,,
0.750289977,µm^3,Surface,1,Class A,146,,
0.078495301,µm^3,Surface,1,Class A,148,,
0.0141219,µm^3,Surface,1,Class A,150,,
0.056120399,µm^3,Surface,1,Class A,152,,
0.0280602,µm^3,Surface,1,Class A,154,,
0.0163226,µm^3,Surface,1,Class A,156,,
0.053828001,µm^3,Surface,1,Class A,157,,
0.0104538,µm^3,Surface,1,Class A,159,,
0.026501199,µm^3,Surface,1,Class A,162,,
0.0157724,µm^3,Surface,1,Class A,163,,
0.018156599,µm^3,Surface,1,Class A,169,,
0.0138467,µm^3,Surface,1,Class A,170,,
0.063089602,µm^3,Surface,1,Class A,171,,
0.0135717,µm^3,Surface,1,Class A,172,,
0.090783097,µm^3,Surface,1,Class A,175,,
0.064098299,µm^3,Surface,1,Class A,176,,
0.071067601,µm^3,Surface,1,Class A,179,,
0.024759101,µm^3,Surface,1,Class A,181,,
0.049059499,µm^3,Surface,1,Class A,182,,
0.020907599,µm^3,Surface,1,Class A,183,,
0.024483901,µm^3,Surface,1,Class A,184,,
4.004909992,µm^3,Surface,1,Class A,186,,
0.0113708,µm^3,Surface,1,Class A,192,,
0.045299701,µm^3,Surface,1,Class A,193,,
0.038605701,µm^3,Surface,1,Class A,195,,
0.056854099,µm^3,Surface,1,Class A,197,,
0.283443987,µm^3,Surface,1,Class A,199,,
0.206691995,µm^3,Surface,1,Class A,202,,
0.148095995,µm^3,Surface,1,Class A,204,,
0.101236999,µm^3,Surface,1,Class A,205,,
0.038789298,µm^3,Surface,1,Class A,206,,
0.028335299,µm^3,Surface,1,Class A,207,,
0.112424001,µm^3,Surface,1,Class A,210,,
1.923679948,µm^3,Surface,1,Class A,214,,
0.033745699,µm^3,Surface,1,Class A,218,,
0.0176981,µm^3,Surface,1,Class A,219,,
0.334062994,µm^3,Surface,1,Class A,220,,
0.221089005,µm^3,Surface,1,Class A,221,,
0.060980599,µm^3,Surface,1,Class A,222,,
0.0139384,µm^3,Surface,1,Class A,224,,
0.011921,µm^3,Surface,1,Class A,225,,
0.026868099,µm^3,Surface,1,Class A,227,,
0.060705502,µm^3,Surface,1,Class A,229,,
0.040256299,µm^3,Surface,1,Class A,231,,
0.294357002,µm^3,Surface,1,Class A,232,,
0.0145803,µm^3,Surface,1,Class A,233,,
0.048692599,µm^3,Surface,1,Class A,235,,
0.0398895,µm^3,Surface,1,Class A,236,,
0.0418153,µm^3,Surface,1,Class A,238,,
0.262263,µm^3,Surface,1,Class A,239,,
0.036496699,µm^3,Surface,1,Class A,240,,
1.318279982,µm^3,Surface,1,Class A,241,,
0.396694988,µm^3,Surface,1,Class A,242,,
0.064832002,µm^3,Surface,1,Class A,244,,
0.023841999,µm^3,Surface,1,Class A,245,,
0.363774002,µm^3,Surface,1,Class A,247,,
0.096193597,µm^3,Surface,1,Class A,249,,
0.070884101,µm^3,Surface,1,Class A,251,,
0.020357599,µm^3,Surface,1,Class A,0,,
0.090416297,µm^3,Surface,1,Class A,2,,
0.018156599,µm^3,Surface,1,Class A,4,,
0.018615101,µm^3,Surface,1,Class A,7,,
0.210268006,µm^3,Surface,1,Class A,10,,
0.019807201,µm^3,Surface,1,Class A,12,,
0.0298943,µm^3,Surface,1,Class A,13,,
0.022925099,µm^3,Surface,1,Class A,14,,
0.041998599,µm^3,Surface,1,Class A,17,,
0.942309022,µm^3,Surface,1,Class A,20,,
0.041265,µm^3,Surface,1,Class A,21,,
0.191927999,µm^3,Surface,1,Class A,22,,
0.035946399,µm^3,Surface,1,Class A,23,,
0.0138467,µm^3,Surface,1,Class A,24,,
0.198989004,µm^3,Surface,1,Class A,25,,
0.086014703,µm^3,Surface,1,Class A,27,,
0.0160475,µm^3,Surface,1,Class A,28,,
0.030261099,µm^3,Surface,1,Class A,29,,
0.071067497,µm^3,Surface,1,Class B,0,,
0.709299982,µm^3,Surface,1,Class B,1,,
0.905233026,µm^3,Surface,1,Class B,2,,
0.223014995,µm^3,Surface,1,Class B,3,,
1.270689964,µm^3,Surface,1,Class B,4,,
0.020265801,µm^3,Surface,1,Class B,5,,
3.959980011,µm^3,Surface,1,Class B,6,,
