Detailed,Unnamed: 1,Unnamed: 2,Unnamed: 3,Unnamed: 4,Unnamed: 5,,1162.202332
0.043465801,µm^3,Surface,1,Class B,0,,
0.0181567,µm^3,Surface,1,Class B,1,,
1.850319982,µm^3,Surface,1,Class B,3,,
30.33499908,µm^3,Surface,1,Class B,4,,
1.864899993,µm^3,Surface,1,Class B,5,,
1.526090026,µm^3,Surface,1,Class A,9,,
0.0709517,µm^3,Surface,1,Class A,10,,
72.61810303,µm^3,Surface,1,Class A,11,,
0.0154056,µm^3,Surface,1,Class A,12,,
0.160521001,µm^3,Surface,1,Class A,13,,
0.122419998,µm^3,Surface,1,Class A,17,,
0.147728994,µm^3,Surface,1,Class A,0,,
0.393256009,µm^3,Surface,1,Class A,1,,
0.031361401,µm^3,Surface,1,Class A,2,,
0.0104538,µm^3,Surface,1,Class A,3,,
0.150343001,µm^3,Surface,1,Class A,4,,
0.141815007,µm^3,Surface,1,Class A,5,,
0.032737002,µm^3,Surface,1,Class A,7,,
0.051718902,µm^3,Surface,1,Class A,9,,
0.451025993,µm^3,Surface,1,Class A,10,,
0.0236587,µm^3,Surface,1,Class A,12,,
0.124344997,µm^3,Surface,1,Class A,14,,
0.056670599,µm^3,Surface,1,Class A,15,,
0.512786984,µm^3,Surface,1,Class A,16,,
0.0433283,µm^3,Surface,1,Class A,17,,
0.0154057,µm^3,Surface,1,Class A,18,,
0.117192999,µm^3,Surface,1,Class A,19,,
0.183493003,µm^3,Surface,1,Class A,20,,
0.074002199,µm^3,Surface,1,Class A,22,,
0.143189996,µm^3,Surface,1,Class A,23,,
0.0129297,µm^3,Surface,1,Class A,24,,
0.105775997,µm^3,Surface,1,Class A,25,,
0.034249902,µm^3,Surface,1,Class A,29,,
0.204262003,µm^3,Surface,1,Class A,30,,
0.065198503,µm^3,Surface,1,Class A,31,,
0.048004799,µm^3,Surface,1,Class A,32,,
0.147040993,µm^3,Surface,1,Class A,33,,
0.111690998,µm^3,Surface,1,Class A,34,,
0.106463999,µm^3,Surface,1,Class A,37,,
0.032737002,µm^3,Surface,1,Class A,38,,
0.0345251,µm^3,Surface,1,Class A,39,,
0.101098999,µm^3,Surface,1,Class A,40,,
0.202611998,µm^3,Surface,1,Class A,41,,
0.0203574,µm^3,Surface,1,Class A,44,,
0.565468013,µm^3,Surface,1,Class A,45,,
0.474685997,µm^3,Surface,1,Class A,47,,
0.066023901,µm^3,Surface,1,Class A,50,,
0.0290231,µm^3,Surface,1,Class A,51,,
0.0158183,µm^3,Surface,1,Class A,54,,
0.171937004,µm^3,Surface,1,Class A,56,,
0.017881401,µm^3,Surface,1,Class A,59,,
0.0121045,µm^3,Surface,1,Class A,60,,
0.187756002,µm^3,Surface,1,Class B,61,,
0.0236587,µm^3,Surface,1,Class A,64,,
0.148278996,µm^3,Surface,1,Class A,65,,
0.144014999,µm^3,Surface,1,Class A,66,,
0.56931901,µm^3,Surface,1,Class A,67,,
0.056670699,µm^3,Surface,1,Class A,68,,
0.710169971,µm^3,Surface,1,Class A,69,,
0.0379638,µm^3,Surface,1,Class A,70,,
0.149103999,µm^3,Surface,1,Class A,71,,
0.0467669,µm^3,Surface,1,Class A,72,,
0.372485995,µm^3,Surface,1,Class B,73,,
0.039751999,µm^3,Surface,1,Class A,74,,
0.078128397,µm^3,Surface,1,Class A,75,,
0.0580463,µm^3,Surface,1,Class A,76,,
0.207975999,µm^3,Surface,1,Class A,77,,
0.0154056,µm^3,Surface,1,Class B,79,,
0.041402701,µm^3,Surface,1,Class A,80,,
0.0154057,µm^3,Surface,1,Class A,82,,
0.077027999,µm^3,Surface,1,Class B,83,,
0.217054993,µm^3,Surface,1,Class A,84,,
0.0104538,µm^3,Surface,1,Class B,85,,
0.0266847,µm^3,Surface,1,Class B,86,,
0.232596993,µm^3,Surface,1,Class B,87,,
0.216229007,µm^3,Surface,1,Class A,88,,
0.0178816,µm^3,Surface,1,Class A,89,,
0.0352128,µm^3,Surface,1,Class A,90,,
0.166298002,µm^3,Surface,1,Class B,91,,
0.369596004,µm^3,Surface,1,Class B,92,,
0.109903,µm^3,Surface,1,Class B,95,,
0.309213012,µm^3,Surface,1,Class B,96,,
0.420765996,µm^3,Surface,1,Class B,99,,
42.89899826,µm^3,Surface,1,Class B,100,,
0.150067002,µm^3,Surface,1,Class B,101,,
0.064648598,µm^3,Surface,1,Class A,102,,
51.52970123,µm^3,Surface,1,Class B,103,,
0.057771102,µm^3,Surface,1,Class B,104,,
0.164647996,µm^3,Surface,1,Class A,106,,
0.0178815,µm^3,Surface,1,Class A,109,,
0.098761097,µm^3,Surface,1,Class A,110,,
0.048004899,µm^3,Surface,1,Class A,111,,
0.0121044,µm^3,Surface,1,Class A,113,,
0.025997,µm^3,Surface,1,Class A,114,,
0.026959799,µm^3,Surface,1,Class A,116,,
0.020357501,µm^3,Surface,1,Class A,117,,
0.698342025,µm^3,Surface,1,Class A,118,,
0.020357501,µm^3,Surface,1,Class A,119,,
0.0121044,µm^3,Surface,1,Class A,122,,
0.56863302,µm^3,Surface,1,Class A,123,,
0.101649001,µm^3,Surface,1,Class A,1,,
0.020907599,µm^3,Surface,1,Class A,4,,
0.114441,µm^3,Surface,1,Class A,5,,
1.716349959,µm^3,Surface,1,Class A,6,,
0.016093399,µm^3,Surface,1,Class A,7,,
0.029298101,µm^3,Surface,1,Class A,8,,
0.0385141,µm^3,Surface,1,Class A,10,,
2.193380117,µm^3,Surface,1,Class A,11,,
0.129572004,µm^3,Surface,1,Class A,13,,
0.353091002,µm^3,Surface,1,Class A,15,,
0.685413003,µm^3,Surface,1,Class A,17,,
4.604090214,µm^3,Surface,1,Class A,19,,
1.184170008,µm^3,Surface,1,Class A,20,,
4.616960049,µm^3,Surface,1,Class A,22,,
2.459690094,µm^3,Surface,1,Class A,23,,
0.971511006,µm^3,Surface,1,Class A,0,,
0.143051997,µm^3,Surface,1,Class A,2,,
0.183354005,µm^3,Surface,1,Class A,4,,
0.235899001,µm^3,Surface,1,Class A,5,,
0.207149997,µm^3,Surface,1,Class A,6,,
0.066849403,µm^3,Surface,1,Class A,8,,
0.081292003,µm^3,Surface,1,Class A,11,,
0.023521099,µm^3,Surface,1,Class A,12,,
0.288854986,µm^3,Surface,1,Class A,14,,
0.264647007,µm^3,Surface,1,Class A,15,,
0.0405773,µm^3,Surface,1,Class A,16,,
0.627978981,µm^3,Surface,1,Class A,17,,
0.569501996,µm^3,Surface,1,Class A,18,,
0.0121044,µm^3,Surface,1,Class C,0,,
0.071388401,µm^3,Surface,1,Class C,3,,
0.0656114,µm^3,Surface,1,Class C,5,,
0.0291606,µm^3,Surface,1,Class C,7,,
0.0892701,µm^3,Surface,1,Class C,9,,
0.0154056,µm^3,Surface,1,Class C,10,,
0.025996899,µm^3,Surface,1,Class C,11,,
0.0151305,µm^3,Surface,1,Class C,12,,
0.237275004,µm^3,Surface,1,Class C,13,,
0.100548998,µm^3,Surface,1,Class C,14,,
0.077853501,µm^3,Surface,1,Class C,15,,
0.032874599,µm^3,Surface,1,Class C,16,,
0.439610004,µm^3,Surface,1,Class C,17,,
0.047592402,µm^3,Surface,1,Class C,18,,
0.102475002,µm^3,Surface,1,Class C,19,,
0.0261345,µm^3,Surface,1,Class C,20,,
0.0533695,µm^3,Surface,1,Class C,21,,
0.0129296,µm^3,Surface,1,Class C,23,,
0.025859401,µm^3,Surface,1,Class C,25,,
0.103575997,µm^3,Surface,1,Class C,26,,
0.358179986,µm^3,Surface,1,Class C,27,,
0.0418153,µm^3,Surface,1,Class C,28,,
0.054056998,µm^3,Surface,1,Class C,29,,
0.192295,µm^3,Surface,1,Class C,30,,
0.198072001,µm^3,Surface,1,Class C,31,,
0.035900701,µm^3,Surface,1,Class C,32,,
0.0154057,µm^3,Surface,1,Class C,33,,
0.0250342,µm^3,Surface,1,Class C,34,,
0.460244,µm^3,Surface,1,Class C,35,,
0.026134601,µm^3,Surface,1,Class C,36,,
0.111277997,µm^3,Surface,1,Class C,37,,
0.049655601,µm^3,Surface,1,Class C,39,,
0.048142601,µm^3,Surface,1,Class C,40,,
0.069875702,µm^3,Surface,1,Class C,41,,
0.105362996,µm^3,Surface,1,Class C,43,,
0.062860198,µm^3,Surface,1,Class C,44,,
0.240024999,µm^3,Surface,1,Class C,46,,
0.032736901,µm^3,Surface,1,Class C,48,,
0.078540899,µm^3,Surface,1,Class C,49,,
0.0154056,µm^3,Surface,1,Class C,50,,
0.804805994,µm^3,Surface,1,Class C,52,,
0.186104998,µm^3,Surface,1,Class C,53,,
0.066298902,µm^3,Surface,1,Class C,54,,
1.17343998,µm^3,Surface,1,Class C,55,,
6.297420025,µm^3,Surface,1,Class C,56,,
0.148003995,µm^3,Surface,1,Class C,57,,
0.0268222,µm^3,Surface,1,Class C,58,,
0.019777801,µm^3,Surface,1,Class C,59,,
0.032737002,µm^3,Surface,1,Class C,60,,
0.093809202,µm^3,Surface,1,Class C,61,,
0.141537994,µm^3,Surface,1,Class C,62,,
0.491465986,µm^3,Surface,1,Class C,63,,
0.11733,µm^3,Surface,1,Class C,64,,
0.080879502,µm^3,Surface,1,Class C,65,,
0.0121044,µm^3,Surface,1,Class C,66,,
0.0459418,µm^3,Surface,1,Class C,67,,
0.123795003,µm^3,Surface,1,Class C,68,,
0.021182699,µm^3,Surface,1,Class C,69,,
0.074551903,µm^3,Surface,1,Class C,70,,
2.422810078,µm^3,Surface,1,Class C,71,,
0.66959399,µm^3,Surface,1,Class C,73,,
0.103987999,µm^3,Surface,1,Class C,74,,
0.032737099,µm^3,Surface,1,Class C,75,,
0.868905008,µm^3,Surface,1,Class C,76,,
0.030398799,µm^3,Surface,1,Class C,78,,
0.244150996,µm^3,Surface,1,Class C,79,,
0.0394767,µm^3,Surface,1,Class C,81,,
3.744250059,µm^3,Surface,1,Class C,82,,
0.477710992,µm^3,Surface,1,Class C,83,,
0.037551001,µm^3,Surface,1,Class C,86,,
0.064924002,µm^3,Surface,1,Class C,88,,
0.122832,µm^3,Surface,1,Class C,89,,
0.138374999,µm^3,Surface,1,Class C,91,,
0.069325499,µm^3,Surface,1,Class C,92,,
0.0404399,µm^3,Surface,1,Class C,93,,
1.228870034,µm^3,Surface,1,Class C,97,,
3.321840048,µm^3,Surface,1,Class C,98,,
0.103987999,µm^3,Surface,1,Class C,99,,
0.025859499,µm^3,Surface,1,Class C,100,,
0.0121045,µm^3,Surface,1,Class C,102,,
0.0154058,µm^3,Surface,1,Class C,103,,
0.032874599,µm^3,Surface,1,Class C,104,,
0.0270976,µm^3,Surface,1,Class C,107,,
0.132735997,µm^3,Surface,1,Class C,108,,
0.379500985,µm^3,Surface,1,Class C,109,,
0.0533695,µm^3,Surface,1,Class C,110,,
0.052544001,µm^3,Surface,1,Class C,111,,
0.142089993,µm^3,Surface,1,Class C,112,,
0.071526103,µm^3,Surface,1,Class C,113,,
1.43148005,µm^3,Surface,1,Class C,114,,
0.050343301,µm^3,Surface,1,Class C,116,,
0.020357501,µm^3,Surface,1,Class C,117,,
0.227645993,µm^3,Surface,1,Class C,119,,
0.328332007,µm^3,Surface,1,Class C,120,,
0.090920702,µm^3,Surface,1,Class C,122,,
0.318704009,µm^3,Surface,1,Class C,124,,
0.0407148,µm^3,Surface,1,Class C,126,,
0.0178816,µm^3,Surface,1,Class C,128,,
0.127233997,µm^3,Surface,1,Class C,129,,
0.310862988,µm^3,Surface,1,Class C,130,,
0.660239995,µm^3,Surface,1,Class C,131,,
0.0291606,µm^3,Surface,1,Class C,132,,
0.072351404,µm^3,Surface,1,Class C,134,,
0.126270995,µm^3,Surface,1,Class C,136,,
0.021182699,µm^3,Surface,1,Class C,137,,
0.0236586,µm^3,Surface,1,Class C,138,,
0.082254998,µm^3,Surface,1,Class C,139,,
0.0154056,µm^3,Surface,1,Class C,140,,
0.0178815,µm^3,Surface,1,Class C,142,,
0.083630502,µm^3,Surface,1,Class C,143,,
0.329982996,µm^3,Surface,1,Class C,144,,
0.028610401,µm^3,Surface,1,Class C,145,,
0.0178816,µm^3,Surface,1,Class C,147,,
0.0129297,µm^3,Surface,1,Class C,148,,
0.272487015,µm^3,Surface,1,Class C,149,,
0.044291198,µm^3,Surface,1,Class C,150,,
0.332320988,µm^3,Surface,1,Class C,151,,
0.10385,µm^3,Surface,1,Class C,152,,
0.063272901,µm^3,Surface,1,Class C,153,,
0.567119002,µm^3,Surface,1,Class C,154,,
0.321318001,µm^3,Surface,1,Class C,155,,
0.354054004,µm^3,Surface,1,Class C,156,,
0.129435003,µm^3,Surface,1,Class C,157,,
0.141813993,µm^3,Surface,1,Class C,158,,
0.055570301,µm^3,Surface,1,Class C,159,,
0.0818424,µm^3,Surface,1,Class C,161,,
0.143464997,µm^3,Surface,1,Class C,162,,
0.0203574,µm^3,Surface,1,Class C,163,,
0.106463999,µm^3,Surface,1,Class C,164,,
0.145803005,µm^3,Surface,1,Class C,165,,
0.062035199,µm^3,Surface,1,Class C,166,,
0.0474547,µm^3,Surface,1,Class A,167,,
0.159970999,µm^3,Surface,1,Class C,168,,
0.094221801,µm^3,Surface,1,Class C,170,,
0.075927801,µm^3,Surface,1,Class C,171,,
0.075377598,µm^3,Surface,1,Class C,172,,
0.124208003,µm^3,Surface,1,Class C,173,,
0.087481797,µm^3,Surface,1,Class C,174,,
0.310451001,µm^3,Surface,1,Class C,175,,
0.033699799,µm^3,Surface,1,Class C,176,,
0.607833982,µm^3,Surface,1,Class C,177,,
0.090370603,µm^3,Surface,1,Class C,178,,
0.0211828,µm^3,Surface,1,Class C,179,,
0.056670699,µm^3,Surface,1,Class C,181,,
0.082254998,µm^3,Surface,1,Class C,182,,
0.0518566,µm^3,Surface,1,Class C,183,,
0.030261001,µm^3,Surface,1,Class C,184,,
0.369185001,µm^3,Surface,1,Class B,186,,
0.77867198,µm^3,Surface,1,Class A,187,,
0.054469898,µm^3,Surface,1,Class C,188,,
0.0847307,µm^3,Surface,1,Class A,189,,
0.026502,µm^3,Surface,1,Class A,191,,
1.879899979,µm^3,Surface,1,Class A,192,,
1.51304996,µm^3,Surface,1,Class B,193,,
1.042629957,µm^3,Surface,1,Class B,194,,
0.206049994,µm^3,Surface,1,Class A,195,,
0.766979992,µm^3,Surface,1,Class A,196,,
0.0129298,µm^3,Surface,1,Class A,197,,
0.214028001,µm^3,Surface,1,Class A,198,,
0.142914996,µm^3,Surface,1,Class A,199,,
0.438510001,µm^3,Surface,1,Class A,201,,
0.329982996,µm^3,Surface,1,Class A,202,,
0.029783901,µm^3,Surface,1,Class B,203,,
0.0121044,µm^3,Surface,1,,205,,
0.555153012,µm^3,Surface,1,Class B,206,,
1.33465004,µm^3,Surface,1,Class B,208,,
0.061897401,µm^3,Surface,1,Class B,209,,
0.115955003,µm^3,Surface,1,Class B,210,,
1.204110026,µm^3,Surface,1,Class B,211,,
0.032874499,µm^3,Surface,1,Class B,213,,
0.105088003,µm^3,Surface,1,Class B,214,,
0.12297,µm^3,Surface,1,Class B,215,,
0.47743699,µm^3,Surface,1,Class B,216,,
0.368358999,µm^3,Surface,1,Class B,217,,
0.566707015,µm^3,Surface,1,Class B,218,,
1.257760048,µm^3,Surface,1,Class B,219,,
0.0236586,µm^3,Surface,1,Class B,220,,
0.202748999,µm^3,Surface,1,Class B,221,,
0.712373018,µm^3,Surface,1,Class B,222,,
1.766829967,µm^3,Surface,1,Class B,223,,
0.545111001,µm^3,Surface,1,Class B,224,,
0.247865006,µm^3,Surface,1,Class B,225,,
0.038789202,µm^3,Surface,1,Class B,226,,
0.0885823,µm^3,Surface,1,Class B,0,,
0.136724994,µm^3,Surface,1,Class B,1,,
0.129022002,µm^3,Surface,1,Class B,2,,
0.0203574,µm^3,Surface,1,Class B,3,,
3.416749954,µm^3,Surface,1,Class B,4,,
0.301373005,µm^3,Surface,1,Class B,5,,
0.199447006,µm^3,Surface,1,Class B,6,,
0.0213203,µm^3,Surface,1,Class B,7,,
0.139338002,µm^3,Surface,1,Class B,9,,
0.229846001,µm^3,Surface,1,Class B,10,,
3.099280119,µm^3,Surface,1,Class B,11,,
0.153780997,µm^3,Surface,1,Class B,12,,
0.083217897,µm^3,Surface,1,Class B,14,,
0.087344296,µm^3,Surface,1,Class B,15,,
0.114028998,µm^3,Surface,1,Class B,16,,
0.250342011,µm^3,Surface,1,Class B,17,,
0.0500682,µm^3,Surface,1,Class B,18,,
0.354054004,µm^3,Surface,1,Class B,19,,
0.090095401,µm^3,Surface,1,Class B,20,,
0.252404004,µm^3,Surface,1,Class B,21,,
0.059559301,µm^3,Surface,1,Class B,22,,
0.255980015,µm^3,Surface,1,Class B,23,,
16.63170052,µm^3,Surface,1,Class B,24,,
0.106050998,µm^3,Surface,1,Class B,25,,
0.351990998,µm^3,Surface,1,Class B,26,,
0.081017099,µm^3,Surface,1,Class B,27,,
0.0294358,µm^3,Surface,1,Class B,29,,
0.318152994,µm^3,Surface,1,Class B,30,,
0.043465801,µm^3,Surface,1,Class B,31,,
0.0121044,µm^3,Surface,1,Class B,32,,
0.094634399,µm^3,Surface,1,Class B,33,,
0.542496979,µm^3,Surface,1,Class B,34,,
0.078540899,µm^3,Surface,1,Class B,35,,
0.830805004,µm^3,Surface,1,Class B,36,,
0.100137003,µm^3,Surface,1,Class B,37,,
0.135762006,µm^3,Surface,1,Class B,38,,
2.375349998,µm^3,Surface,1,Class B,39,,
1.683339953,µm^3,Surface,1,Class B,40,,
0.416500986,µm^3,Surface,1,Class A,41,,
2.240550041,µm^3,Surface,1,Class A,42,,
1.65692997,µm^3,Surface,1,Class A,43,,
0.485552013,µm^3,Surface,1,Class A,44,,
0.118018001,µm^3,Surface,1,Class B,45,,
0.210727006,µm^3,Surface,1,Class A,46,,
0.208939001,µm^3,Surface,1,Class A,47,,
0.0445663,µm^3,Surface,1,Class A,48,,
0.459555,µm^3,Surface,1,Class A,49,,
0.477573991,µm^3,Surface,1,Class A,50,,
0.086243898,µm^3,Surface,1,Class A,51,,
0.399444997,µm^3,Surface,1,Class A,52,,
0.490779012,µm^3,Surface,1,Class A,55,,
0.104676001,µm^3,Surface,1,Class A,56,,
0.072901502,µm^3,Surface,1,Class A,57,,
0.689127028,µm^3,Surface,1,Class A,58,,
0.434107989,µm^3,Surface,1,Class A,59,,
0.818148017,µm^3,Surface,1,Class A,60,,
0.026959701,µm^3,Surface,1,Class A,0,,
0.850060999,µm^3,Surface,1,Class B,1,,
0.502332985,µm^3,Surface,1,Class B,3,,
0.0283354,µm^3,Surface,1,Class A,0,,
0.033562198,µm^3,Surface,1,Class A,2,,
0.248003006,µm^3,Surface,1,Class A,4,,
0.0129297,µm^3,Surface,1,Class A,5,,
0.038789202,µm^3,Surface,1,Class A,6,,
0.030261099,µm^3,Surface,1,Class A,8,,
0.0203574,µm^3,Surface,1,Class A,9,,
0.0129297,µm^3,Surface,1,Class A,14,,
0.0121044,µm^3,Surface,1,Class A,15,,
0.043465801,µm^3,Surface,1,Class A,17,,
0.0298483,µm^3,Surface,1,Class A,21,,
0.0303986,µm^3,Surface,1,Class A,22,,
0.035075299,µm^3,Surface,1,Class A,23,,
4.328700066,µm^3,Surface,1,Class A,24,,
0.041815199,µm^3,Surface,1,Class A,25,,
0.034112498,µm^3,Surface,1,Class A,30,,
0.038513999,µm^3,Surface,1,Class A,32,,
0.054194801,µm^3,Surface,1,Class A,33,,
0.0123795,µm^3,Surface,1,Class A,34,,
0.0151305,µm^3,Surface,1,Class A,36,,
0.087344401,µm^3,Surface,1,Class A,39,,
0.10385,µm^3,Surface,1,Class A,46,,
0.0885823,µm^3,Surface,1,Class A,47,,
0.034249999,µm^3,Surface,1,Class A,50,,
0.155844003,µm^3,Surface,1,Class A,51,,
0.032874499,µm^3,Surface,1,Class A,53,,
0.056533199,µm^3,Surface,1,Class A,54,,
0.118568003,µm^3,Surface,1,Class A,56,,
0.044291101,µm^3,Surface,1,Class A,57,,
0.041127499,µm^3,Surface,1,Class A,58,,
0.115955003,µm^3,Surface,1,Class A,61,,
0.104813002,µm^3,Surface,1,Class A,62,,
0.0178816,µm^3,Surface,1,Class A,63,,
0.077303201,µm^3,Surface,1,Class A,64,,
0.0129297,µm^3,Surface,1,Class A,65,,
0.024208801,µm^3,Surface,1,Class A,66,,
0.0276476,µm^3,Surface,1,Class A,70,,
0.142501995,µm^3,Surface,1,Class A,74,,
0.070013002,µm^3,Surface,1,Class A,76,,
0.0178815,µm^3,Surface,1,Class A,77,,
0.056395601,µm^3,Surface,1,Class A,78,,
0.075102299,µm^3,Surface,1,Class A,79,,
0.029710799,µm^3,Surface,1,Class A,80,,
0.093534097,µm^3,Surface,1,Class A,82,,
0.043740898,µm^3,Surface,1,Class A,1,,
0.0261345,µm^3,Surface,1,Class A,5,,
0.0112791,µm^3,Surface,1,Class A,8,,
0.190095007,µm^3,Surface,1,Class A,14,,
0.021182699,µm^3,Surface,1,Class A,19,,
0.126545995,µm^3,Surface,1,Class A,20,,
0.0154056,µm^3,Surface,1,Class A,25,,
0.0283354,µm^3,Surface,1,Class A,34,,
0.0178815,µm^3,Surface,1,Class A,36,,
0.0319116,µm^3,Surface,1,Class A,37,,
0.0236586,µm^3,Surface,1,Class A,38,,
0.0121045,µm^3,Surface,1,Class A,39,,
0.0154056,µm^3,Surface,1,Class A,41,,
0.0294358,µm^3,Surface,1,Class A,43,,
0.153780997,µm^3,Surface,1,Class A,44,,
0.037688799,µm^3,Surface,1,Class A,47,,
0.0154057,µm^3,Surface,1,Class A,48,,
0.155844003,µm^3,Surface,1,Class A,50,,
0.040989999,µm^3,Surface,1,Class A,51,,
0.0155432,µm^3,Surface,1,Class A,52,,
0.045116302,µm^3,Surface,1,Class A,54,,
0.022833301,µm^3,Surface,1,Class A,55,,
0.110040002,µm^3,Surface,1,Class A,56,,
0.040989898,µm^3,Surface,1,Class A,59,,
0.026134601,µm^3,Surface,1,Class A,60,,
0.041815199,µm^3,Surface,1,Class A,62,,
0.0154057,µm^3,Surface,1,Class A,64,,
0.0236587,µm^3,Surface,1,Class A,65,,
0.0187068,µm^3,Surface,1,Class A,66,,
0.115267001,µm^3,Surface,1,Class A,68,,
0.0154056,µm^3,Surface,1,Class A,69,,
0.055157602,µm^3,Surface,1,Class A,70,,
0.069875501,µm^3,Surface,1,Class A,71,,
0.0178816,µm^3,Surface,1,Class A,73,,
0.646898985,µm^3,Surface,1,Class A,75,,
0.0141676,µm^3,Surface,1,Class A,76,,
0.0178816,µm^3,Surface,1,Class A,77,,
0.0261345,µm^3,Surface,1,Class A,80,,
0.028610401,µm^3,Surface,1,Class A,81,,
0.073039196,µm^3,Surface,1,Class A,82,,
0.0178816,µm^3,Surface,1,Class A,86,,
0.0372761,µm^3,Surface,1,Class A,89,,
0.0141676,µm^3,Surface,1,Class A,96,,
0.0178815,µm^3,Surface,1,Class A,100,,
0.0240713,µm^3,Surface,1,Class A,104,,
0.0236587,µm^3,Surface,1,Class A,105,,
0.0236586,µm^3,Surface,1,Class A,106,,
0.0145803,µm^3,Surface,1,Class A,108,,
0.0261345,µm^3,Surface,1,Class A,109,,
0.0211828,µm^3,Surface,1,Class A,110,,
0.016781099,µm^3,Surface,1,Class A,114,,
0.018019,µm^3,Surface,1,Class A,116,,
0.029298199,µm^3,Surface,1,Class A,119,,
0.040989999,µm^3,Surface,1,Class A,124,,
0.032736901,µm^3,Surface,1,Class A,125,,
0.054194801,µm^3,Surface,1,Class A,126,,
0.48981601,µm^3,Surface,1,Class A,127,,
0.029710799,µm^3,Surface,1,Class A,129,,
0.016093399,µm^3,Surface,1,Class A,130,,
0.544148982,µm^3,Surface,1,Class A,132,,
0.0236586,µm^3,Surface,1,Class A,134,,
0.072764002,µm^3,Surface,1,Class A,135,,
0.040027101,µm^3,Surface,1,Class A,137,,
0.027647501,µm^3,Surface,1,Class A,138,,
0.136724994,µm^3,Surface,1,Class A,143,,
0.0785411,µm^3,Surface,1,Class A,144,,
0.563543975,µm^3,Surface,1,Class A,145,,
0.077028103,µm^3,Surface,1,Class A,147,,
0.138925999,µm^3,Surface,1,Class A,150,,
0.0141677,µm^3,Surface,1,Class A,152,,
0.351303011,µm^3,Surface,1,Class A,154,,
0.082667597,µm^3,Surface,1,Class A,155,,
0.0129297,µm^3,Surface,1,Class A,158,,
0.0121044,µm^3,Surface,1,Class A,159,,
0.0178815,µm^3,Surface,1,Class A,163,,
0.027234901,µm^3,Surface,1,Class A,164,,
0.0118293,µm^3,Surface,1,Class A,169,,
0.0104538,µm^3,Surface,1,Class A,171,,
0.197659001,µm^3,Surface,1,Class A,175,,
0.074964799,µm^3,Surface,1,Class A,177,,
0.056395601,µm^3,Surface,1,Class A,179,,
0.0121044,µm^3,Surface,1,Class A,180,,
0.0121044,µm^3,Surface,1,Class A,185,,
0.470972002,µm^3,Surface,1,Class A,187,,
0.020907599,µm^3,Surface,1,Class A,190,,
0.036038101,µm^3,Surface,1,Class A,193,,
0.0104538,µm^3,Surface,1,Class A,194,,
0.0500683,µm^3,Surface,1,Class A,199,,
0.134249002,µm^3,Surface,1,Class A,200,,
0.041127499,µm^3,Surface,1,Class A,204,,
0.043465901,µm^3,Surface,1,Class A,212,,
0.0104538,µm^3,Surface,1,Class A,214,,
0.0398895,µm^3,Surface,1,Class A,220,,
0.0154056,µm^3,Surface,1,Class A,222,,
0.032736901,µm^3,Surface,1,Class A,223,,
0.0236586,µm^3,Surface,1,Class A,225,,
0.0104538,µm^3,Surface,1,Class A,228,,
0.173589006,µm^3,Surface,1,Class B,0,,
1.41979003,µm^3,Surface,1,Class B,1,,
0.417739987,µm^3,Surface,1,Class B,2,,
1.616209984,µm^3,Surface,1,Class B,3,,
0.493804991,µm^3,Surface,1,Class B,4,,
0.107289001,µm^3,Surface,1,Class B,6,,
0.076202802,µm^3,Surface,1,Class A,0,,
0.160108998,µm^3,Surface,1,Class A,2,,
0.356254995,µm^3,Surface,1,Class B,3,,
0.536996007,µm^3,Surface,1,Class B,4,,
0.023245901,µm^3,Surface,1,Class B,9,,
0.0154056,µm^3,Surface,1,Class B,10,,
0.158870995,µm^3,Surface,1,Class B,11,,
0.204674006,µm^3,Surface,1,Class B,12,,
0.057908501,µm^3,Surface,1,Class B,13,,
0.049930699,µm^3,Surface,1,Class B,14,,
0.491053998,µm^3,Surface,1,Class B,15,,
0.075102299,µm^3,Surface,1,Class B,16,,
0.029985899,µm^3,Surface,1,Class B,17,,
0.069187798,µm^3,Surface,1,Class B,18,,
0.0623102,µm^3,Surface,1,Class B,19,,
0.0291606,µm^3,Surface,1,Class B,20,,
0.018156599,µm^3,Surface,1,Class B,24,,
0.129847005,µm^3,Surface,1,Class B,25,,
0.0154056,µm^3,Surface,1,Class B,26,,
0.034800202,µm^3,Surface,1,Class B,27,,
0.067949697,µm^3,Surface,1,Class B,28,,
0.099448599,µm^3,Surface,1,Class B,29,,
0.153918996,µm^3,Surface,1,Class B,32,,
0.333696991,µm^3,Surface,1,Class B,33,,
0.033011999,µm^3,Surface,1,Class B,36,,
0.340162009,µm^3,Surface,1,Class B,37,,
0.120631002,µm^3,Surface,1,Class B,38,,
0.064373396,µm^3,Surface,1,Class B,39,,
0.067674696,µm^3,Surface,1,Class B,40,,
0.0145803,µm^3,Surface,1,Class B,41,,
0.174688995,µm^3,Surface,1,Class B,42,,
0.031911701,µm^3,Surface,1,Class B,43,,
1.152670026,µm^3,Surface,1,Class B,44,,
0.0525443,µm^3,Surface,1,Class B,0,,
0.278813004,µm^3,Surface,1,Class B,1,,
0.072351202,µm^3,Surface,1,Class B,2,,
0.260244012,µm^3,Surface,1,Class B,3,,
0.105637997,µm^3,Surface,1,Class B,4,,
0.085969202,µm^3,Surface,1,Class B,5,,
0.215403005,µm^3,Surface,1,Class B,6,,
0.129847005,µm^3,Surface,1,Class B,7,,
0.157083005,µm^3,Surface,1,Class B,8,,
0.171938002,µm^3,Surface,1,Class B,9,,
0.050893299,µm^3,Surface,1,Class B,10,,
0.082805499,µm^3,Surface,1,Class B,12,,
0.113202997,µm^3,Surface,1,Class B,13,,
0.158732995,µm^3,Surface,1,Class B,14,,
0.784310997,µm^3,Surface,1,Class B,15,,
0.191331998,µm^3,Surface,1,Class B,16,,
0.345526993,µm^3,Surface,1,Class B,17,,
0.136037007,µm^3,Surface,1,Class B,18,,
0.083218202,µm^3,Surface,1,Class B,19,,
0.018706899,µm^3,Surface,1,Class B,20,,
0.094359599,µm^3,Surface,1,Class B,21,,
0.221867993,µm^3,Surface,1,Class B,22,,
0.194221005,µm^3,Surface,1,Class B,23,,
0.063960798,µm^3,Surface,1,Class B,24,,
0.085281298,µm^3,Surface,1,Class B,25,,
0.0154056,µm^3,Surface,1,Class B,28,,
0.0352128,µm^3,Surface,1,Class B,29,,
0.273725003,µm^3,Surface,1,Class B,30,,
0.220630005,µm^3,Surface,1,Class B,31,,
0.130809993,µm^3,Surface,1,Class B,32,,
0.286103994,µm^3,Surface,1,Class B,33,,
0.129022002,µm^3,Surface,1,Class B,34,,
0.389955014,µm^3,Surface,1,Class B,35,,
0.091608003,µm^3,Surface,1,Class B,37,,
0.348275989,µm^3,Surface,1,Class B,38,,
0.0283354,µm^3,Surface,1,Class B,39,,
0.114441998,µm^3,Surface,1,Class B,40,,
0.135211006,µm^3,Surface,1,Class B,41,,
0.070975997,µm^3,Surface,1,Class B,42,,
0.114166997,µm^3,Surface,1,Class B,43,,
0.487066001,µm^3,Surface,1,Class B,45,,
0.023658499,µm^3,Surface,1,Class B,46,,
0.0178816,µm^3,Surface,1,Class B,47,,
0.279365003,µm^3,Surface,1,Class B,48,,
0.067537397,µm^3,Surface,1,Class B,49,,
0.0211826,µm^3,Surface,1,Class B,51,,
0.246627003,µm^3,Surface,1,Class B,52,,
0.238787994,µm^3,Surface,1,Class B,53,,
0.681147993,µm^3,Surface,1,Class B,54,,
0.203024,µm^3,Surface,1,Class B,55,,
0.110315003,µm^3,Surface,1,Class B,56,,
0.203162,µm^3,Surface,1,Class B,58,,
0.129847005,µm^3,Surface,1,Class B,59,,
0.079090998,µm^3,Surface,1,Class B,60,,
0.060246699,µm^3,Surface,1,Class B,61,,
0.047592599,µm^3,Surface,1,Class B,63,,
0.0572211,µm^3,Surface,1,Class B,64,,
0.126408994,µm^3,Surface,1,Class B,65,,
0.90851903,µm^3,Surface,1,Class B,66,,
0.463681996,µm^3,Surface,1,Class B,67,,
0.023658499,µm^3,Surface,1,Class B,68,,
0.052269101,µm^3,Surface,1,Class B,70,,
0.0154057,µm^3,Surface,1,Class B,71,,
1.029839993,µm^3,Surface,1,Class B,72,,
0.0154055,µm^3,Surface,1,Class B,74,,
0.331909001,µm^3,Surface,1,Class B,75,,
0.040577199,µm^3,Surface,1,Class B,76,,
0.206461996,µm^3,Surface,1,Class B,77,,
0.050067998,µm^3,Surface,1,Class B,78,,
0.0467669,µm^3,Surface,1,Class B,79,,
0.0119667,µm^3,Surface,1,Class B,81,,
0.078815997,µm^3,Surface,1,Class B,83,,
0.403571993,µm^3,Surface,1,Class B,84,,
0.098073103,µm^3,Surface,1,Class B,85,,
0.057771001,µm^3,Surface,1,Class B,86,,
0.029160701,µm^3,Surface,1,Class B,87,,
0.080741704,µm^3,Surface,1,Class B,88,,
0.198623002,µm^3,Surface,1,Class B,91,,
0.518427014,µm^3,Surface,1,Class B,92,,
0.106738999,µm^3,Surface,1,Class B,93,,
0.127370998,µm^3,Surface,1,Class B,95,,
0.018018899,µm^3,Surface,1,Class B,97,,
0.118568003,µm^3,Surface,1,Class B,98,,
0.866153002,µm^3,Surface,1,Class B,99,,
0.0606598,µm^3,Surface,1,Class B,100,,
0.082254604,µm^3,Surface,1,Class B,101,,
0.58940202,µm^3,Surface,1,Class B,102,,
0.469045013,µm^3,Surface,1,Class B,103,,
0.444011003,µm^3,Surface,1,Class B,104,,
0.084868103,µm^3,Surface,1,Class B,105,,
0.095734604,µm^3,Surface,1,Class B,106,,
0.097523503,µm^3,Surface,1,Class B,107,,
0.193670005,µm^3,Surface,1,Class B,108,,
3.110280037,µm^3,Surface,1,Class B,109,,
0.151855007,µm^3,Surface,1,Class B,110,,
0.600269973,µm^3,Surface,1,Class B,111,,
0.035762999,µm^3,Surface,1,Class B,113,,
0.164371997,µm^3,Surface,1,Class B,114,,
0.070012897,µm^3,Surface,1,Class B,116,,
0.414575994,µm^3,Surface,1,Class B,117,,
0.219392002,µm^3,Surface,1,Class B,118,,
0.088719599,µm^3,Surface,1,Class B,119,,
0.120906003,µm^3,Surface,1,Class B,120,,
0.076753303,µm^3,Surface,1,Class B,121,,
0.122694999,µm^3,Surface,1,Class B,122,,
0.206187993,µm^3,Surface,1,Class B,124,,
0.068912901,µm^3,Surface,1,Class B,125,,
0.041677501,µm^3,Surface,1,Class B,126,,
0.0667115,µm^3,Surface,1,Class B,127,,
0.048142701,µm^3,Surface,1,Class B,128,,
0.059558999,µm^3,Surface,1,Class B,129,,
0.133561,µm^3,Surface,1,Class B,131,,
0.314577013,µm^3,Surface,1,Class B,132,,
0.0129298,µm^3,Surface,1,Class B,133,,
0.0154057,µm^3,Surface,1,Class B,136,,
0.202197999,µm^3,Surface,1,Class B,137,,
0.284177989,µm^3,Surface,1,Class B,138,,
0.326682001,µm^3,Surface,1,Class B,140,,
0.373860002,µm^3,Surface,1,Class B,142,,
0.107014,µm^3,Surface,1,Class B,143,,
0.055432599,µm^3,Surface,1,Class B,144,,
0.048555601,µm^3,Surface,1,Class B,145,,
0.068087697,µm^3,Surface,1,Class B,146,,
0.089820102,µm^3,Surface,1,Class B,147,,
0.058321498,µm^3,Surface,1,Class B,148,,
0.566843987,µm^3,Surface,1,Class B,149,,
0.104813002,µm^3,Surface,1,Class B,150,,
0.074139498,µm^3,Surface,1,Class B,151,,
0.050756101,µm^3,Surface,1,Class B,153,,
0.120356001,µm^3,Surface,1,Class B,154,,
0.217604995,µm^3,Surface,1,Class B,155,,
0.163408995,µm^3,Surface,1,Class B,156,,
0.982931972,µm^3,Surface,1,Class B,157,,
0.096422598,µm^3,Surface,1,Class B,158,,
0.0236587,µm^3,Surface,1,Class B,159,,
0.127783999,µm^3,Surface,1,Class B,160,,
0.0295734,µm^3,Surface,1,Class B,161,,
0.096284904,µm^3,Surface,1,Class B,162,,
0.157357007,µm^3,Surface,1,Class B,163,,
0.133974001,µm^3,Surface,1,Class B,164,,
0.025171701,µm^3,Surface,1,Class B,165,,
0.164371997,µm^3,Surface,1,Class B,167,,
0.0651986,µm^3,Surface,1,Class B,168,,
0.045116201,µm^3,Surface,1,Class B,170,,
0.0607972,µm^3,Surface,1,Class B,171,,
0.306874007,µm^3,Surface,1,Class B,172,,
0.188856006,µm^3,Surface,1,Class B,173,,
0.086106703,µm^3,Surface,1,Class B,176,,
0.0129297,µm^3,Surface,1,Class B,178,,
0.070838504,µm^3,Surface,1,Class B,179,,
0.132873997,µm^3,Surface,1,Class B,180,,
0.049793299,µm^3,Surface,1,Class B,181,,
0.334522009,µm^3,Surface,1,Class B,182,,
1.405069947,µm^3,Surface,1,Class B,183,,
0.100685999,µm^3,Surface,1,Class B,184,,
1.375499964,µm^3,Surface,1,Class B,185,,
0.052269202,µm^3,Surface,1,Class B,186,,
0.0145802,µm^3,Surface,1,Class B,187,,
0.0705631,µm^3,Surface,1,Class B,188,,
0.108388998,µm^3,Surface,1,Class B,189,,
0.405084997,µm^3,Surface,1,Class B,190,,
0.640569985,µm^3,Surface,1,Class B,192,,
0.389129013,µm^3,Surface,1,Class B,194,,
0.486653,µm^3,Surface,1,Class B,195,,
0.130123004,µm^3,Surface,1,Class B,196,,
0.071388803,µm^3,Surface,1,Class B,198,,
0.063135304,µm^3,Surface,1,Class B,199,,
0.087756798,µm^3,Surface,1,Class B,201,,
0.312788993,µm^3,Surface,1,Class B,203,,
0.0319115,µm^3,Surface,1,Class B,204,,
0.044291001,µm^3,Surface,1,Class B,205,,
0.200684994,µm^3,Surface,1,Class B,207,,
0.442773998,µm^3,Surface,1,Class B,208,,
0.127096996,µm^3,Surface,1,Class B,209,,
0.355154008,µm^3,Surface,1,Class B,210,,
0.197934002,µm^3,Surface,1,Class B,211,,
0.341262996,µm^3,Surface,1,Class B,212,,
0.072351299,µm^3,Surface,1,Class B,213,,
0.187068,µm^3,Surface,1,Class B,215,,
0.049380202,µm^3,Surface,1,Class B,216,,
0.132322997,µm^3,Surface,1,Class B,217,,
0.0602469,µm^3,Surface,1,Class B,218,,
0.269598007,µm^3,Surface,1,Class B,219,,
0.231634006,µm^3,Surface,1,Class B,220,,
0.142914996,µm^3,Surface,1,Class B,221,,
0.0376889,µm^3,Surface,1,Class B,222,,
0.0236586,µm^3,Surface,1,Class B,223,,
0.0129298,µm^3,Surface,1,Class B,224,,
0.026959701,µm^3,Surface,1,Class B,225,,
0.694764972,µm^3,Surface,1,Class B,226,,
0.087619402,µm^3,Surface,1,Class B,227,,
0.213339999,µm^3,Surface,1,Class B,228,,
1.170549989,µm^3,Surface,1,Class B,229,,
0.217741996,µm^3,Surface,1,Class B,230,,
0.196420997,µm^3,Surface,1,Class B,231,,
0.092021398,µm^3,Surface,1,Class B,232,,
0.132322997,µm^3,Surface,1,Class B,233,,
0.040164798,µm^3,Surface,1,Class B,234,,
0.140714005,µm^3,Surface,1,Class B,235,,
1.070000052,µm^3,Surface,1,Class B,236,,
0.103987999,µm^3,Surface,1,Class B,238,,
0.170975,µm^3,Surface,1,Class B,239,,
0.118155003,µm^3,Surface,1,Class B,240,,
0.0154057,µm^3,Surface,1,Class B,241,,
0.122282997,µm^3,Surface,1,Class B,243,,
0.159145996,µm^3,Surface,1,Class B,244,,
0.070837997,µm^3,Surface,1,Class B,245,,
0.215542004,µm^3,Surface,1,Class B,246,,
0.026959701,µm^3,Surface,1,Class B,247,,
0.250616014,µm^3,Surface,1,Class B,248,,
0.252541989,µm^3,Surface,1,Class B,249,,
0.108526997,µm^3,Surface,1,Class B,250,,
0.105088003,µm^3,Surface,1,Class B,251,,
0.0775785,µm^3,Surface,1,Class B,253,,
0.032736801,µm^3,Surface,1,Class B,254,,
0.283767015,µm^3,Surface,1,Class A,255,,
0.0121045,µm^3,Surface,1,Class A,256,,
0.508934975,µm^3,Surface,1,Class B,257,,
0.058596101,µm^3,Surface,1,Class A,258,,
0.194358006,µm^3,Surface,1,Class B,259,,
0.114716999,µm^3,Surface,1,Class B,260,,
0.077028103,µm^3,Surface,1,Class A,261,,
0.092571601,µm^3,Surface,1,Class B,266,,
0.050893702,µm^3,Surface,1,Class B,267,,
0.840430975,µm^3,Surface,1,Class B,268,,
0.106325999,µm^3,Surface,1,Class A,269,,
0.177715003,µm^3,Surface,1,Class B,270,,
0.141265005,µm^3,Surface,1,Class B,271,,
0.049655601,µm^3,Surface,1,Class A,273,,
0.126270995,µm^3,Surface,1,Class B,274,,
0.875781,µm^3,Surface,1,Class B,275,,
0.104813002,µm^3,Surface,1,Class B,276,,
0.079778902,µm^3,Surface,1,Class B,277,,
0.107427001,µm^3,Surface,1,Class B,278,,
0.0940843,µm^3,Surface,1,Class A,279,,
0.333283991,µm^3,Surface,1,Class A,281,,
0.109214999,µm^3,Surface,1,Class A,282,,
0.0583212,µm^3,Surface,1,Class B,283,,
0.0561205,µm^3,Surface,1,Class A,284,,
0.084868602,µm^3,Surface,1,Class A,286,,
0.117054999,µm^3,Surface,1,Class B,287,,
2.302449942,µm^3,Surface,1,Class A,288,,
0.384315014,µm^3,Surface,1,Class B,290,,
0.34593901,µm^3,Surface,1,Class A,291,,
0.084730603,µm^3,Surface,1,Class B,292,,
0.183492005,µm^3,Surface,1,Class A,293,,
0.083080001,µm^3,Surface,1,Class A,294,,
0.144978002,µm^3,Surface,1,Class A,295,,
0.035900701,µm^3,Surface,1,Class A,296,,
0.267672986,µm^3,Surface,1,Class A,297,,
0.085143499,µm^3,Surface,1,Class A,298,,
0.067399502,µm^3,Surface,1,Class A,300,,
0.023933699,µm^3,Surface,1,Class A,301,,
0.019257201,µm^3,Surface,1,Class A,302,,
0.359005988,µm^3,Surface,1,Class A,303,,
0.127921999,µm^3,Surface,1,Class A,304,,
0.155432001,µm^3,Surface,1,Class A,305,,
0.397794008,µm^3,Surface,1,Class A,306,,
0.556389987,µm^3,Surface,1,Class A,307,,
0.198898003,µm^3,Surface,1,Class A,308,,
0.174825996,µm^3,Surface,1,Class A,309,,
0.020357501,µm^3,Surface,1,Class A,310,,
0.0121045,µm^3,Surface,1,Class B,311,,
0.153780997,µm^3,Surface,1,Class B,312,,
0.219117999,µm^3,Surface,1,Class A,313,,
0.177027002,µm^3,Surface,1,Class B,315,,
0.099998698,µm^3,Surface,1,Class A,316,,
0.248965994,µm^3,Surface,1,Class A,317,,
0.266570985,µm^3,Surface,1,Class A,319,,
0.496556997,µm^3,Surface,1,Class A,320,,
0.104125999,µm^3,Surface,1,Class B,321,,
0.780323029,µm^3,Surface,1,Class A,322,,
0.450064003,µm^3,Surface,1,Class A,323,,
0.606597006,µm^3,Surface,1,Class A,324,,
0.391606003,µm^3,Surface,1,Class A,325,,
0.259970009,µm^3,Surface,1,Class A,327,,
0.041677698,µm^3,Surface,1,Class A,328,,
0.163684994,µm^3,Surface,1,Class A,329,,
0.162172005,µm^3,Surface,1,Class A,330,,
0.199035004,µm^3,Surface,1,Class A,331,,
0.369733989,µm^3,Surface,1,Class A,332,,
0.166436002,µm^3,Surface,1,Class A,333,,
0.446213007,µm^3,Surface,1,Class A,334,,
0.146353006,µm^3,Surface,1,Class A,335,,
0.0203574,µm^3,Surface,1,Class A,336,,
0.123382002,µm^3,Surface,1,Class A,337,,
0.044428602,µm^3,Surface,1,Class A,338,,
0.190919995,µm^3,Surface,1,Class A,339,,
0.197108999,µm^3,Surface,1,Class A,340,,
0.321318001,µm^3,Surface,1,Class A,342,,
0.148828998,µm^3,Surface,1,Class A,343,,
0.595178008,µm^3,Surface,1,Class A,344,,
0.392154992,µm^3,Surface,1,Class A,345,,
0.0350754,µm^3,Surface,1,Class A,348,,
0.369459987,µm^3,Surface,1,Class A,349,,
0.337134987,µm^3,Surface,1,Class A,350,,
0.111690998,µm^3,Surface,1,Class A,351,,
0.069050103,µm^3,Surface,1,Class A,352,,
0.057771001,µm^3,Surface,1,Class A,353,,
0.076065198,µm^3,Surface,1,Class A,356,,
0.085693702,µm^3,Surface,1,Class A,357,,
0.163133994,µm^3,Surface,1,Class A,358,,
0.301371992,µm^3,Surface,1,Class A,359,,
0.365471005,µm^3,Surface,1,Class A,360,,
0.088032,µm^3,Surface,1,Class A,361,,
0.057220999,µm^3,Surface,1,Class A,362,,
0.15997,µm^3,Surface,1,Class A,364,,
0.221729994,µm^3,Surface,1,Class A,365,,
0.554327011,µm^3,Surface,1,Class A,366,,
0.053782102,µm^3,Surface,1,Class A,367,,
0.208663002,µm^3,Surface,1,Class A,368,,
0.113204002,µm^3,Surface,1,Class A,371,,
0.060247,µm^3,Surface,1,Class A,1,,
0.083492897,µm^3,Surface,1,Class A,2,,
0.0236586,µm^3,Surface,1,Class A,3,,
0.0764779,µm^3,Surface,1,Class A,4,,
0.078128599,µm^3,Surface,1,Class A,5,,
0.0187068,µm^3,Surface,1,Class A,7,,
0.0486928,µm^3,Surface,1,Class A,8,,
0.0129297,µm^3,Surface,1,Class A,11,,
0.0233835,µm^3,Surface,1,Class A,12,,
0.114716999,µm^3,Surface,1,Class A,13,,
0.080054201,µm^3,Surface,1,Class A,14,,
0.023933699,µm^3,Surface,1,Class A,16,,
0.028197801,µm^3,Surface,1,Class A,17,,
0.078128703,µm^3,Surface,1,Class A,18,,
0.054469801,µm^3,Surface,1,Class A,19,,
0.130948007,µm^3,Surface,1,Class A,20,,
0.033562198,µm^3,Surface,1,Class A,21,,
0.0616224,µm^3,Surface,1,Class A,22,,
0.119255997,µm^3,Surface,1,Class A,23,,
2.931469917,µm^3,Surface,1,Class A,25,,
0.060659599,µm^3,Surface,1,Class A,26,,
0.055157602,µm^3,Surface,1,Class A,27,,
0.048005,µm^3,Surface,1,Class A,28,,
0.062447701,µm^3,Surface,1,Class A,30,,
0.0261345,µm^3,Surface,1,Class A,31,,
0.346763998,µm^3,Surface,1,Class A,32,,
0.068087302,µm^3,Surface,1,Class A,34,,
0.0154056,µm^3,Surface,1,Class A,35,,
0.0210451,µm^3,Surface,1,Class A,37,,
0.141127005,µm^3,Surface,1,Class A,38,,
0.330944985,µm^3,Surface,1,Class A,40,,
0.0141677,µm^3,Surface,1,Class A,41,,
0.016093301,µm^3,Surface,1,Class A,42,,
0.041540202,µm^3,Surface,1,Class A,43,,
0.148141995,µm^3,Surface,1,Class A,45,,
0.0203574,µm^3,Surface,1,Class A,46,,
0.083080098,µm^3,Surface,1,Class A,47,,
0.123520002,µm^3,Surface,1,Class A,48,,
0.082530104,µm^3,Surface,1,Class A,50,,
0.249240994,µm^3,Surface,1,Class A,51,,
0.131222993,µm^3,Surface,1,Class A,52,,
0.042778101,µm^3,Surface,1,Class A,53,,
0.231772006,µm^3,Surface,1,Class A,54,,
0.065061197,µm^3,Surface,1,Class A,55,,
0.048142601,µm^3,Surface,1,Class A,56,,
0.400682986,µm^3,Surface,1,Class A,57,,
0.029985899,µm^3,Surface,1,Class A,58,,
0.074827202,µm^3,Surface,1,Class A,59,,
0.0187068,µm^3,Surface,1,Class A,60,,
0.106325999,µm^3,Surface,1,Class A,62,,
0.0357631,µm^3,Surface,1,Class A,63,,
0.050618399,µm^3,Surface,1,Class A,66,,
0.024483901,µm^3,Surface,1,Class A,67,,
0.282665998,µm^3,Surface,1,Class A,69,,
0.179366007,µm^3,Surface,1,Class A,70,,
0.094359502,µm^3,Surface,1,Class A,71,,
1.113059998,µm^3,Surface,1,Class A,72,,
0.038238902,µm^3,Surface,1,Class A,76,,
0.081017002,µm^3,Surface,1,Class A,77,,
0.065198697,µm^3,Surface,1,Class A,80,,
0.026547199,µm^3,Surface,1,Class A,81,,
0.083630398,µm^3,Surface,1,Class A,83,,
0.160521001,µm^3,Surface,1,Class A,84,,
0.103712998,µm^3,Surface,1,Class A,85,,
0.0178815,µm^3,Surface,1,Class A,87,,
0.074001797,µm^3,Surface,1,Class A,91,,
0.107151002,µm^3,Surface,1,Class A,92,,
0.0323244,µm^3,Surface,1,Class A,93,,
0.0158587,µm^3,Surface,1,Class A,95,,
0.0236586,µm^3,Surface,1,Class A,103,,
1.453490019,µm^3,Surface,1,Class A,109,,
0.420859009,µm^3,Surface,1,Class A,113,,
0.021397701,µm^3,Surface,1,Class A,114,,
0.022558199,µm^3,Surface,1,Class A,115,,
0.184042007,µm^3,Surface,1,Class A,116,,
0.029573301,µm^3,Surface,1,Class A,117,,
0.28679201,µm^3,Surface,1,Class A,118,,
0.064235799,µm^3,Surface,1,Class A,119,,
0.358592987,µm^3,Surface,1,Class A,120,,
0.135900006,µm^3,Surface,1,Class A,121,,
0.261483014,µm^3,Surface,1,Class A,122,,
0.117880002,µm^3,Surface,1,Class A,123,,
0.0459418,µm^3,Surface,1,Class A,125,,
0.021457801,µm^3,Surface,1,Class A,126,,
0.254330009,µm^3,Surface,1,Class A,128,,
0.079916596,µm^3,Surface,1,Class A,129,,
0.038513999,µm^3,Surface,1,Class A,131,,
0.029298101,µm^3,Surface,1,Class A,132,,
0.053231899,µm^3,Surface,1,Class A,134,,
0.126132995,µm^3,Surface,1,Class A,135,,
0.042090401,µm^3,Surface,1,Class A,136,,
0.046767101,µm^3,Surface,1,Class A,137,,
0.062722899,µm^3,Surface,1,Class A,139,,
0.021182699,µm^3,Surface,1,Class A,140,,
0.020219799,µm^3,Surface,1,Class A,141,,
0.0440161,µm^3,Surface,1,Class A,142,,
0.299033999,µm^3,Surface,1,Class A,144,,
0.0185693,µm^3,Surface,1,Class A,3,,
0.022970799,µm^3,Surface,1,Class A,4,,
0.0508935,µm^3,Surface,1,Class A,9,,
0.035487901,µm^3,Surface,1,Class A,10,,
0.591877997,µm^3,Surface,1,,11,,
0.082117401,µm^3,Surface,1,Class A,13,,
0.170561999,µm^3,Surface,1,Class A,15,,
0.034662701,µm^3,Surface,1,Class A,16,,
0.0129297,µm^3,Surface,1,Class A,17,,
0.0303986,µm^3,Surface,1,Class A,18,,
0.303160995,µm^3,Surface,1,Class A,19,,
0.143051997,µm^3,Surface,1,Class A,20,,
0.0250341,µm^3,Surface,1,Class A,22,,
0.016093399,µm^3,Surface,1,Class A,23,,
0.607559979,µm^3,Surface,1,Class A,25,,
0.0154056,µm^3,Surface,1,Class A,26,,
0.0258593,µm^3,Surface,1,Class B,2,,
0.035213001,µm^3,Surface,1,Class B,4,,
0.0525443,µm^3,Surface,1,Class B,5,,
0.054194801,µm^3,Surface,1,Class B,6,,
0.085418999,µm^3,Surface,1,Class B,7,,
0.0203574,µm^3,Surface,1,Class B,8,,
0.031499099,µm^3,Surface,1,Class B,12,,
0.0437411,µm^3,Surface,1,Class B,13,,
0.020357501,µm^3,Surface,1,Class B,14,,
0.017881401,µm^3,Surface,1,Class B,17,,
0.088169999,µm^3,Surface,1,Class B,18,,
0.037138399,µm^3,Surface,1,Class B,19,,
0.030261099,µm^3,Surface,1,Class B,22,,
0.191744998,µm^3,Surface,1,Class B,23,,
0.0352129,µm^3,Surface,1,Class B,24,,
0.418563992,µm^3,Surface,1,Class B,26,,
0.017056299,µm^3,Surface,1,Class B,29,,
0.062997803,µm^3,Surface,1,Class B,32,,
0.0595592,µm^3,Surface,1,Class B,33,,
0.0147179,µm^3,Surface,1,Class B,35,,
0.0536443,µm^3,Surface,1,Class B,36,,
0.307700008,µm^3,Surface,1,Class B,37,,
0.792701006,µm^3,Surface,1,Class B,39,,
0.0187068,µm^3,Surface,1,Class B,40,,
0.300273001,µm^3,Surface,1,Class A,41,,
0.12297,µm^3,Surface,1,Class A,43,,
0.0324618,µm^3,Surface,1,Class B,44,,
0.405360997,µm^3,Surface,1,Class B,45,,
0.0254467,µm^3,Surface,1,Class A,48,,
0.165059999,µm^3,Surface,1,Class A,49,,
0.0568082,µm^3,Surface,1,Class B,51,,
0.023521001,µm^3,Surface,1,Class B,52,,
0.0154056,µm^3,Surface,1,Class B,54,,
0.250340998,µm^3,Surface,1,Class A,55,,
0.047867499,µm^3,Surface,1,Class B,56,,
2.555680037,µm^3,Surface,1,Class A,57,,
0.0154056,µm^3,Surface,1,Class A,59,,
0.248003006,µm^3,Surface,1,Class B,61,,
0.448275,µm^3,Surface,1,Class A,64,,
0.035487901,µm^3,Surface,1,Class B,65,,
0.217191994,µm^3,Surface,1,Class B,67,,
0.021182699,µm^3,Surface,1,Class B,69,,
0.104538001,µm^3,Surface,1,Class B,70,,
0.055982701,µm^3,Surface,1,Class A,71,,
0.806593001,µm^3,Surface,1,Class A,72,,
0.023933699,µm^3,Surface,1,Class B,73,,
0.124619998,µm^3,Surface,1,Class B,75,,
0.40151,µm^3,Surface,1,Class A,76,,
0.050756,µm^3,Surface,1,Class B,77,,
0.093671702,µm^3,Surface,1,Class B,79,,
0.0290231,µm^3,Surface,1,Class B,80,,
0.164921999,µm^3,Surface,1,Class B,82,,
0.144565001,µm^3,Surface,1,Class B,83,,
0.020907599,µm^3,Surface,1,Class B,84,,
0.021182699,µm^3,Surface,1,Class B,85,,
0.027647501,µm^3,Surface,1,Class A,87,,
0.108113997,µm^3,Surface,1,Class B,88,,
0.022558199,µm^3,Surface,1,Class B,89,,
0.050068099,µm^3,Surface,1,Class B,90,,
0.0616225,µm^3,Surface,1,Class B,91,,
0.195458993,µm^3,Surface,1,Class B,92,,
0.571797013,µm^3,Surface,1,Class A,93,,
0.100273997,µm^3,Surface,1,Class A,94,,
0.0508935,µm^3,Surface,1,Class A,95,,
0.0359006,µm^3,Surface,1,Class A,96,,
0.122832,µm^3,Surface,1,Class A,97,,
0.115405001,µm^3,Surface,1,Class A,99,,
0.270285994,µm^3,Surface,1,Class A,100,,
0.078541003,µm^3,Surface,1,Class A,101,,
0.379776001,µm^3,Surface,1,Class A,102,,
0.248416007,µm^3,Surface,1,Class A,103,,
0.419252992,µm^3,Surface,1,Class A,104,,
0.055020001,µm^3,Surface,1,Class A,105,,
0.079641499,µm^3,Surface,1,Class A,106,,
0.404123008,µm^3,Surface,1,Class A,107,,
0.270835996,µm^3,Surface,1,Class A,108,,
0.401371002,µm^3,Surface,1,Class A,109,,
0.626402974,µm^3,Surface,1,Class A,110,,
0.688575983,µm^3,Surface,1,Class A,111,,
0.379088014,µm^3,Surface,1,Class A,112,,
0.52145201,µm^3,Surface,1,Class A,113,,
1.543040037,µm^3,Surface,1,Class A,116,,
0.0154057,µm^3,Surface,1,Class A,3,,
0.0121044,µm^3,Surface,1,Class A,8,,
0.064373396,µm^3,Surface,1,Class A,10,,
0.0154056,µm^3,Surface,1,Class A,15,,
2.092819929,µm^3,Surface,1,Class A,19,,
0.053644501,µm^3,Surface,1,Class A,26,,
0.0154056,µm^3,Surface,1,Class A,28,,
0.022833301,µm^3,Surface,1,Class A,30,,
0.0398896,µm^3,Surface,1,Class A,34,,
0.069050297,µm^3,Surface,1,Class A,1,,
0.0203574,µm^3,Surface,1,Class A,4,,
0.0603844,µm^3,Surface,1,Class A,5,,
0.0481425,µm^3,Surface,1,Class A,6,,
1.927219987,µm^3,Surface,1,Class A,7,,
0.037413601,µm^3,Surface,1,Class A,8,,
0.0143052,µm^3,Surface,1,Class A,9,,
0.210039005,µm^3,Surface,1,Class A,12,,
0.077028103,µm^3,Surface,1,Class A,15,,
0.0294357,µm^3,Surface,1,Class A,22,,
0.0154057,µm^3,Surface,1,Class A,23,,
0.043740999,µm^3,Surface,1,Class A,24,,
3.094189882,µm^3,Surface,1,Class A,25,,
0.018019,µm^3,Surface,1,Class A,27,,
0.0629979,µm^3,Surface,1,Class A,29,,
0.043740898,µm^3,Surface,1,Class A,32,,
0.0152681,µm^3,Surface,1,Class A,33,,
0.0178815,µm^3,Surface,1,Class A,36,,
0.0181567,µm^3,Surface,1,Class A,38,,
0.087069102,µm^3,Surface,1,Class A,41,,
0.104401,µm^3,Surface,1,Class A,45,,
0.0121044,µm^3,Surface,1,Class A,46,,
0.052406602,µm^3,Surface,1,Class A,48,,
0.084318303,µm^3,Surface,1,Class A,49,,
0.0330121,µm^3,Surface,1,Class A,50,,
0.0121044,µm^3,Surface,1,Class A,52,,
0.0155432,µm^3,Surface,1,Class A,54,,
0.045116398,µm^3,Surface,1,Class A,55,,
0.031498998,µm^3,Surface,1,Class A,56,,
0.201510996,µm^3,Surface,1,Class A,57,,
0.210863993,µm^3,Surface,1,Class A,59,,
0.0154056,µm^3,Surface,1,Class A,60,,
0.074552201,µm^3,Surface,1,Class A,61,,
0.049242999,µm^3,Surface,1,Class A,62,,
0.0145803,µm^3,Surface,1,Class A,63,,
0.0466295,µm^3,Surface,1,Class A,64,,
0.145253003,µm^3,Surface,1,Class A,65,,
0.061760001,µm^3,Surface,1,Class A,66,,
0.060659502,µm^3,Surface,1,Class A,67,,
0.102612004,µm^3,Surface,1,Class A,68,,
0.187481001,µm^3,Surface,1,Class A,0,,
0.266710013,µm^3,Surface,1,Class A,1,,
0.0566708,µm^3,Surface,1,Class A,2,,
0.318152994,µm^3,Surface,1,Class A,3,,
1.276329994,µm^3,Surface,1,Class A,4,,
0.0236586,µm^3,Surface,1,Class A,5,,
0.225858003,µm^3,Surface,1,Class B,6,,
0.0705631,µm^3,Surface,1,Class B,7,,
0.43108201,µm^3,Surface,1,Class B,8,,
0.115542002,µm^3,Surface,1,Class B,10,,
4.040130138,µm^3,Surface,1,Class B,14,,
0.437409014,µm^3,Surface,1,Class B,19,,
0.0129297,µm^3,Surface,1,Class B,22,,
0.187618002,µm^3,Surface,1,Class B,23,,
0.0202199,µm^3,Surface,1,Class B,24,,
0.202610999,µm^3,Surface,1,Class B,25,,
0.31389001,µm^3,Surface,1,Class B,26,,
0.123108,µm^3,Surface,1,Class B,27,,
0.171800002,µm^3,Surface,1,Class B,30,,
0.163135007,µm^3,Surface,1,Class B,31,,
0.0178815,µm^3,Surface,1,Class B,33,,
0.017881401,µm^3,Surface,1,Class B,35,,
0.199172005,µm^3,Surface,1,Class B,36,,
0.276201993,µm^3,Surface,1,Class B,38,,
0.032049,µm^3,Surface,1,Class B,39,,
0.095597103,µm^3,Surface,1,Class B,40,,
0.0203574,µm^3,Surface,1,Class B,41,,
0.139476001,µm^3,Surface,1,Class B,42,,
0.124620996,µm^3,Surface,1,Class A,43,,
0.277989,µm^3,Surface,1,Class A,44,,
0.148278996,µm^3,Surface,1,Class A,45,,
0.11733,µm^3,Surface,1,Class A,46,,
0.077853397,µm^3,Surface,1,Class A,47,,
0.161622003,µm^3,Surface,1,Class A,48,,
0.453640997,µm^3,Surface,1,Class A,49,,
0.183629006,µm^3,Surface,1,Class A,50,,
0.197108999,µm^3,Surface,1,Class A,51,,
0.2773,µm^3,Surface,1,Class A,52,,
0.121868998,µm^3,Surface,1,Class A,53,,
0.038101401,µm^3,Surface,1,Class A,55,,
0.277025998,µm^3,Surface,1,Class A,56,,
0.122281998,µm^3,Surface,1,Class A,57,,
0.080466799,µm^3,Surface,1,Class A,58,,
0.250479013,µm^3,Surface,1,Class A,59,,
0.018019101,µm^3,Surface,1,Class A,61,,
0.047592301,µm^3,Surface,1,Class A,62,,
0.157220006,µm^3,Surface,1,Class A,63,,
0.141126007,µm^3,Surface,1,Class A,64,,
0.148553997,µm^3,Surface,1,Class A,65,,
0.100548998,µm^3,Surface,1,Class A,66,,
0.098211199,µm^3,Surface,1,Class A,67,,
0.12297,µm^3,Surface,1,Class A,68,,
0.040989999,µm^3,Surface,1,Class A,69,,
0.098623097,µm^3,Surface,1,Class A,70,,
0.182116002,µm^3,Surface,1,Class A,71,,
0.230534002,µm^3,Surface,1,Class A,72,,
0.167536005,µm^3,Surface,1,Class A,74,,
0.0540572,µm^3,Surface,1,Class A,75,,
0.169598997,µm^3,Surface,1,Class A,76,,
0.016093301,µm^3,Surface,1,Class A,78,,
0.107839003,µm^3,Surface,1,Class A,79,,
0.113479003,µm^3,Surface,1,Class A,80,,
0.298620999,µm^3,Surface,1,Class A,81,,
0.032736901,µm^3,Surface,1,Class A,82,,
0.168773994,µm^3,Surface,1,Class A,83,,
0.0119669,µm^3,Surface,1,Class A,84,,
0.165197998,µm^3,Surface,1,Class A,85,,
0.122556999,µm^3,Surface,1,Class A,86,,
0.091195703,µm^3,Surface,1,Class A,87,,
0.333972007,µm^3,Surface,1,Class A,88,,
0.053919598,µm^3,Surface,1,Class A,90,,
0.195870996,µm^3,Surface,1,Class A,91,,
0.075790197,µm^3,Surface,1,Class A,93,,
0.119667999,µm^3,Surface,1,Class A,94,,
0.157495007,µm^3,Surface,1,Class A,96,,
0.253367007,µm^3,Surface,1,Class A,97,,
0.219668001,µm^3,Surface,1,Class A,98,,
0.0616224,µm^3,Surface,1,Class A,99,,
0.033974901,µm^3,Surface,1,Class A,100,,
0.265884012,µm^3,Surface,1,Class A,101,,
0.0885823,µm^3,Surface,1,Class A,103,,
0.062447701,µm^3,Surface,1,Class A,105,,
0.121868998,µm^3,Surface,1,Class A,106,,
0.123245001,µm^3,Surface,1,Class A,107,,
0.090507999,µm^3,Surface,1,Class A,108,,
0.070013002,µm^3,Surface,1,Class A,109,,
0.280189991,µm^3,Surface,1,Class A,111,,
0.080191799,µm^3,Surface,1,Class A,112,,
0.140576005,µm^3,Surface,1,Class A,113,,
0.211002007,µm^3,Surface,1,Class A,114,,
0.0178815,µm^3,Surface,1,Class A,116,,
0.182942003,µm^3,Surface,1,Class A,118,,
0.279226989,µm^3,Surface,1,Class A,119,,
0.140439004,µm^3,Surface,1,Class A,120,,
2.45788002,µm^3,Surface,1,Class A,122,,
0.031499099,µm^3,Surface,1,Class A,123,,
0.217053995,µm^3,Surface,1,Class A,124,,
0.154193997,µm^3,Surface,1,Class A,125,,
0.080604397,µm^3,Surface,1,Class A,126,,
0.104125001,µm^3,Surface,1,Class A,127,,
0.133010998,µm^3,Surface,1,Class A,128,,
0.0412651,µm^3,Surface,1,Class A,129,,
0.044153601,µm^3,Surface,1,Class A,130,,
0.067949802,µm^3,Surface,1,Class A,131,,
0.289406002,µm^3,Surface,1,Class A,132,,
0.062998101,µm^3,Surface,1,Class A,133,,
0.0155432,µm^3,Surface,1,Class A,134,,
0.241538003,µm^3,Surface,1,Class A,135,,
0.190369993,µm^3,Surface,1,Class A,136,,
0.254467994,µm^3,Surface,1,Class A,137,,
0.106738999,µm^3,Surface,1,Class A,138,,
0.159832999,µm^3,Surface,1,Class A,139,,
0.087756902,µm^3,Surface,1,Class A,142,,
0.180739999,µm^3,Surface,1,Class A,144,,
0.316226989,µm^3,Surface,1,Class A,145,,
0.146766007,µm^3,Surface,1,Class A,146,,
0.845107973,µm^3,Surface,1,Class A,148,,
0.127370998,µm^3,Surface,1,Class A,149,,
0.070700802,µm^3,Surface,1,Class A,150,,
0.021182699,µm^3,Surface,1,Class A,151,,
0.255430013,µm^3,Surface,1,Class A,152,,
0.598205984,µm^3,Surface,1,Class A,153,,
0.103024997,µm^3,Surface,1,Class A,154,,
0.175650999,µm^3,Surface,1,Class A,155,,
0.360931993,µm^3,Surface,1,Class A,156,,
0.288993001,µm^3,Surface,1,Class A,157,,
0.059146501,µm^3,Surface,1,Class A,158,,
0.099036098,µm^3,Surface,1,Class A,159,,
0.160796002,µm^3,Surface,1,Class A,160,,
0.246490002,µm^3,Surface,1,Class A,161,,
0.110864997,µm^3,Surface,1,Class A,2,,
0.0203574,µm^3,Surface,1,Class A,3,,
0.0178815,µm^3,Surface,1,Class A,4,,
0.174000993,µm^3,Surface,1,Class A,8,,
0.0121044,µm^3,Surface,1,Class A,11,,
0.41347599,µm^3,Surface,1,Class A,12,,
0.827914,µm^3,Surface,1,Class A,13,,
0.332596004,µm^3,Surface,1,Class A,14,,
1.639189959,µm^3,Surface,1,Class A,15,,
0.118842997,µm^3,Surface,1,Class A,18,,
0.059971899,µm^3,Surface,1,Class A,20,,
0.240162,µm^3,Surface,1,Class A,21,,
0.041953001,µm^3,Surface,1,Class A,22,,
0.0129297,µm^3,Surface,1,Class A,25,,
1.845649958,µm^3,Surface,1,Class A,26,,
0.244013995,µm^3,Surface,1,Class A,32,,
0.80329299,µm^3,Surface,1,Class A,33,,
0.142225996,µm^3,Surface,1,Class A,35,,
0.111277997,µm^3,Surface,1,Class A,38,,
0.083493099,µm^3,Surface,1,Class A,39,,
0.0121044,µm^3,Surface,1,Class A,40,,
0.31099999,µm^3,Surface,1,Class A,41,,
0.0129298,µm^3,Surface,1,Class A,42,,
0.0319116,µm^3,Surface,1,Class A,44,,
5.540659904,µm^3,Surface,1,Class A,45,,
0.049793102,µm^3,Surface,1,Class A,46,,
0.020219799,µm^3,Surface,1,Class A,47,,
0.0178815,µm^3,Surface,1,Class A,49,,
0.0121044,µm^3,Surface,1,Class A,50,,
0.289130986,µm^3,Surface,1,Class A,51,,
0.047317199,µm^3,Surface,1,Class A,52,,
0.095184699,µm^3,Surface,1,Class A,53,,
0.038238902,µm^3,Surface,1,Class A,54,,
0.0352129,µm^3,Surface,1,Class A,57,,
0.0268222,µm^3,Surface,1,Class A,58,,
0.080054201,µm^3,Surface,1,Class A,59,,
0.086106397,µm^3,Surface,1,Class A,62,,
0.31141299,µm^3,Surface,1,Class A,63,,
2.583879948,µm^3,Surface,1,Class A,64,,
0.0266847,µm^3,Surface,1,Class A,65,,
0.0147179,µm^3,Surface,1,Class A,67,,
0.176064,µm^3,Surface,1,Class A,68,,
0.0104538,µm^3,Surface,1,Class A,69,,
0.0203574,µm^3,Surface,1,Class A,70,,
0.559966981,µm^3,Surface,1,Class A,73,,
0.108801998,µm^3,Surface,1,Class A,74,,
0.277575999,µm^3,Surface,1,Class A,76,,
0.131359994,µm^3,Surface,1,Class A,79,,
1.317180037,µm^3,Surface,1,Class A,80,,
0.055020101,µm^3,Surface,1,Class A,81,,
0.072214097,µm^3,Surface,1,Class A,82,,
0.074001998,µm^3,Surface,1,Class A,83,,
0.0209077,µm^3,Surface,1,Class A,84,,
0.084593304,µm^3,Surface,1,Class A,85,,
0.169186994,µm^3,Surface,1,Class A,86,,
0.061760101,µm^3,Surface,1,Class A,87,,
0.063410297,µm^3,Surface,1,Class A,0,,
0.0343877,µm^3,Surface,1,Class A,3,,
0.050755899,µm^3,Surface,1,Class A,6,,
0.0357631,µm^3,Surface,1,Class A,8,,
0.030398499,µm^3,Surface,1,Class A,11,,
0.134386003,µm^3,Surface,1,Class A,13,,
0.222830996,µm^3,Surface,1,Class A,14,,
0.143464997,µm^3,Surface,1,Class A,17,,
0.051718801,µm^3,Surface,1,Class A,18,,
0.197797,µm^3,Surface,1,Class A,19,,
0.038651399,µm^3,Surface,1,Class A,20,,
0.103712998,µm^3,Surface,1,Class A,21,,
0.0414025,µm^3,Surface,1,Class A,22,,
0.087619901,µm^3,Surface,1,Class A,23,,
0.032874499,µm^3,Surface,1,Class A,24,,
0.083080299,µm^3,Surface,1,Class A,25,,
0.029160701,µm^3,Surface,1,Class A,27,,
0.023246,µm^3,Surface,1,Class A,28,,
0.020082301,µm^3,Surface,1,Class A,29,,
0.144014999,µm^3,Surface,1,Class A,30,,
0.071526103,µm^3,Surface,1,Class A,31,,
0.059421599,µm^3,Surface,1,Class A,33,,
0.183492005,µm^3,Surface,1,Class A,34,,
0.029710701,µm^3,Surface,1,Class A,35,,
0.0731766,µm^3,Surface,1,Class A,36,,
0.177715003,µm^3,Surface,1,Class A,37,,
0.029298101,µm^3,Surface,1,Class A,38,,
0.0154056,µm^3,Surface,1,Class A,39,,
0.031498902,µm^3,Surface,1,Class A,40,,
0.0187068,µm^3,Surface,1,Class A,41,,
0.028335299,µm^3,Surface,1,Class A,42,,
0.0118293,µm^3,Surface,1,Class A,44,,
0.0270974,µm^3,Surface,1,Class A,45,,
0.193396002,µm^3,Surface,1,Class A,46,,
0.123107001,µm^3,Surface,1,Class A,47,,
0.041402701,µm^3,Surface,1,Class A,48,,
0.025996899,µm^3,Surface,1,Class A,49,,
0.170561999,µm^3,Surface,1,Class A,51,,
0.250203997,µm^3,Surface,1,Class A,52,,
0.423103988,µm^3,Surface,1,Class A,54,,
0.156119004,µm^3,Surface,1,Class A,55,,
0.333972007,µm^3,Surface,1,Class A,56,,
0.0629979,µm^3,Surface,1,Class A,57,,
0.172626004,µm^3,Surface,1,Class A,58,,
0.0548824,µm^3,Surface,1,Class A,59,,
0.167123005,µm^3,Surface,1,Class A,60,,
5.022510052,µm^3,Surface,1,Class A,62,,
0.0359006,µm^3,Surface,1,Class A,63,,
107.1819992,µm^3,Surface,1,Class A,64,,
0.136999995,µm^3,Surface,1,Class A,65,,
0.219117999,µm^3,Surface,1,Class A,66,,
0.092021003,µm^3,Surface,1,Class A,67,,
0.441947997,µm^3,Surface,1,Class A,68,,
0.176477,µm^3,Surface,1,Class A,69,,
0.0236587,µm^3,Surface,1,Class A,70,,
0.0203574,µm^3,Surface,1,Class A,71,,
0.45597899,µm^3,Surface,1,Class A,72,,
0.131634995,µm^3,Surface,1,Class A,73,,
0.0203574,µm^3,Surface,1,Class B,1,,
0.038926601,µm^3,Surface,1,Class B,6,,
0.056945801,µm^3,Surface,1,Class B,10,,
0.042915799,µm^3,Surface,1,Class A,13,,
0.202610999,µm^3,Surface,1,Class A,18,,
0.0121044,µm^3,Surface,1,Class A,21,,
0.0121045,µm^3,Surface,1,Class A,23,,
0.024346299,µm^3,Surface,1,Class A,27,,
0.0154057,µm^3,Surface,1,Class A,32,,
0.017881401,µm^3,Surface,1,Class A,33,,
0.032736901,µm^3,Surface,1,Class B,34,,
0.071250997,µm^3,Surface,1,Class B,35,,
0.0393392,µm^3,Surface,1,Class A,36,,
0.431495994,µm^3,Surface,1,Class C,37,,
0.060522102,µm^3,Surface,1,Class B,38,,
0.018019101,µm^3,Surface,1,Class A,39,,
0.040989898,µm^3,Surface,1,Class B,41,,
0.036038101,µm^3,Surface,1,Class B,45,,
0.063135602,µm^3,Surface,1,Class B,46,,
0.029985899,µm^3,Surface,1,Class C,47,,
0.284040987,µm^3,Surface,1,Class C,49,,
0.0129297,µm^3,Surface,1,Class C,50,,
0.035213001,µm^3,Surface,1,Class B,52,,
0.814159989,µm^3,Surface,1,Class B,53,,
0.072489098,µm^3,Surface,1,Class B,54,,
0.0374135,µm^3,Surface,1,Class B,55,,
0.121182002,µm^3,Surface,1,Class B,57,,
0.020907599,µm^3,Surface,1,Class B,58,,
0.207287997,µm^3,Surface,1,Class B,59,,
0.196558997,µm^3,Surface,1,Class B,60,,
0.095184803,µm^3,Surface,1,Class B,65,,
2.015799999,µm^3,Surface,1,Class B,67,,
0.125170007,µm^3,Surface,1,Class B,68,,
0.022833301,µm^3,Surface,1,Class B,72,,
0.026959799,µm^3,Surface,1,Class B,75,,
1.292559981,µm^3,Surface,1,Class D,76,,
0.047729999,µm^3,Surface,1,Class D,77,,
0.0145804,µm^3,Surface,1,Class D,78,,
0.178127006,µm^3,Surface,1,Class D,81,,
0.041815199,µm^3,Surface,1,Class E,84,,
0.338921994,µm^3,Surface,1,Class E,87,,
0.506183982,µm^3,Surface,1,Class D,88,,
0.0145803,µm^3,Surface,1,Class E,89,,
0.087894298,µm^3,Surface,1,Class D,90,,
0.234385997,µm^3,Surface,1,Class E,95,,
1.173030019,µm^3,Surface,1,Class E,99,,
0.676746011,µm^3,Surface,1,Class E,101,,
0.117054999,µm^3,Surface,1,Class B,104,,
0.050480898,µm^3,Surface,1,Class B,105,,
0.044978902,µm^3,Surface,1,Class C,107,,
1.160779953,µm^3,Surface,1,Class A,108,,
0.0261345,µm^3,Surface,1,Class A,112,,
0.030261001,µm^3,Surface,1,Class B,113,,
0.037688699,µm^3,Surface,1,Class B,115,,
0.0151305,µm^3,Surface,1,Class A,118,,
0.119943999,µm^3,Surface,1,Class B,121,,
0.171801001,µm^3,Surface,1,Class B,122,,
0.177577004,µm^3,Surface,1,Class B,124,,
2.510570049,µm^3,Surface,1,Class A,127,,
0.0738644,µm^3,Surface,1,Class B,129,,
0.054332599,µm^3,Surface,1,Class B,131,,
0.288028985,µm^3,Surface,1,Class B,133,,
0.090370603,µm^3,Surface,1,Class B,134,,
0.0178815,µm^3,Surface,1,Class B,135,,
0.0386516,µm^3,Surface,1,Class B,136,,
0.156669006,µm^3,Surface,1,Class B,143,,
0.053094398,µm^3,Surface,1,Class B,144,,
0.046491899,µm^3,Surface,1,Class B,145,,
0.0187068,µm^3,Surface,1,Class B,146,,
0.0696005,µm^3,Surface,1,Class B,148,,
0.044566199,µm^3,Surface,1,Class B,152,,
0.0924334,µm^3,Surface,1,Class B,154,,
0.020219799,µm^3,Surface,1,Class B,155,,
0.096147597,µm^3,Surface,1,Class B,156,,
0.020907599,µm^3,Surface,1,Class A,157,,
0.059009001,µm^3,Surface,1,Class B,163,,
0.375649989,µm^3,Surface,1,Class B,164,,
0.0178815,µm^3,Surface,1,Class B,165,,
0.027922601,µm^3,Surface,1,Class B,166,,
0.0121044,µm^3,Surface,1,Class A,168,,
0.0317741,µm^3,Surface,1,Class A,169,,
0.0474548,µm^3,Surface,1,Class B,171,,
0.085969098,µm^3,Surface,1,Class B,174,,
0.0616225,µm^3,Surface,1,Class B,175,,
0.094084397,µm^3,Surface,1,Class B,180,,
0.168635994,µm^3,Surface,1,Class B,182,,
0.0792289,µm^3,Surface,1,Class A,187,,
0.116642997,µm^3,Surface,1,Class B,188,,
0.032874499,µm^3,Surface,1,Class B,189,,
0.036863402,µm^3,Surface,1,Class B,190,,
0.331220001,µm^3,Surface,1,Class B,191,,
0.121731997,µm^3,Surface,1,Class B,192,,
0.029848401,µm^3,Surface,1,Class B,193,,
0.0514438,µm^3,Surface,1,Class B,194,,
0.088031903,µm^3,Surface,1,Class B,195,,
0.057908501,µm^3,Surface,1,Class B,196,,
0.021182699,µm^3,Surface,1,Class B,197,,
0.230671003,µm^3,Surface,1,Class B,200,,
0.175375998,µm^3,Surface,1,Class B,203,,
0.0169187,µm^3,Surface,1,Class B,204,,
0.018156599,µm^3,Surface,1,Class B,206,,
0.0225584,µm^3,Surface,1,Class B,208,,
0.018156599,µm^3,Surface,1,Class A,209,,
0.051718902,µm^3,Surface,1,Class B,210,,
0.0291606,µm^3,Surface,1,Class B,211,,
0.037688699,µm^3,Surface,1,Class B,214,,
0.026134601,µm^3,Surface,1,Class B,218,,
0.0125171,µm^3,Surface,1,Class A,220,,
0.028610401,µm^3,Surface,1,Class B,222,,
0.0596967,µm^3,Surface,1,Class B,223,,
0.0154056,µm^3,Surface,1,Class B,224,,
0.040164601,µm^3,Surface,1,Class B,226,,
0.0178815,µm^3,Surface,1,Class B,228,,
0.038238902,µm^3,Surface,1,Class B,230,,
0.057633501,µm^3,Surface,1,Class A,231,,
0.0104539,µm^3,Surface,1,Class B,232,,
0.096285097,µm^3,Surface,1,Class B,235,,
0.0508935,µm^3,Surface,1,Class B,236,,
0.020082301,µm^3,Surface,1,Class B,237,,
0.0154056,µm^3,Surface,1,Class B,238,,
0.749924004,µm^3,Surface,1,Class B,239,,
0.241813004,µm^3,Surface,1,Class B,240,,
0.038101401,µm^3,Surface,1,Class B,242,,
0.0151305,µm^3,Surface,1,Class B,243,,
0.020357501,µm^3,Surface,1,Class B,244,,
0.0104538,µm^3,Surface,1,Class B,245,,
0.0145803,µm^3,Surface,1,Class B,246,,
0.016093399,µm^3,Surface,1,Class B,248,,
0.336309999,µm^3,Surface,1,Class B,250,,
0.0129298,µm^3,Surface,1,Class B,252,,
0.0711134,µm^3,Surface,1,Class B,253,,
0.0203574,µm^3,Surface,1,Class B,255,,
0.065886401,µm^3,Surface,1,Class B,256,,
0.0187068,µm^3,Surface,1,Class A,257,,
0.386103004,µm^3,Surface,1,Class B,258,,
0.070838399,µm^3,Surface,1,Class B,262,,
0.064923599,µm^3,Surface,1,Class B,264,,
0.140438005,µm^3,Surface,1,Class B,265,,
0.0447038,µm^3,Surface,1,Class B,267,,
0.0121044,µm^3,Surface,1,Class B,268,,
0.249927998,µm^3,Surface,1,Class B,273,,
0.0352128,µm^3,Surface,1,Class B,277,,
0.0294357,µm^3,Surface,1,Class B,279,,
0.174138993,µm^3,Surface,1,Class B,281,,
0.0178815,µm^3,Surface,1,Class B,282,,
0.0294357,µm^3,Surface,1,Class B,286,,
0.038101401,µm^3,Surface,1,Class B,287,,
0.059421699,µm^3,Surface,1,Class B,288,,
0.095597498,µm^3,Surface,1,Class B,289,,
0.035625499,µm^3,Surface,1,Class B,291,,
0.054332301,µm^3,Surface,1,Class B,292,,
0.096835203,µm^3,Surface,1,Class B,293,,
0.036038201,µm^3,Surface,1,Class B,296,,
0.0129297,µm^3,Surface,1,Class B,303,,
0.259694993,µm^3,Surface,1,Class B,306,,
0.097660497,µm^3,Surface,1,Class B,308,,
0.151167005,µm^3,Surface,1,Class B,310,,
0.021182699,µm^3,Surface,1,Class B,311,,
175.151001,µm^3,Surface,1,Class C,312,,
0.104400001,µm^3,Surface,1,Class B,313,,
0.041540202,µm^3,Surface,1,Class A,316,,
0.053094398,µm^3,Surface,1,Class B,318,,
0.0121044,µm^3,Surface,1,Class B,319,,
0.0236586,µm^3,Surface,1,Class B,320,,
0.130260006,µm^3,Surface,1,Class B,322,,
0.0224206,µm^3,Surface,1,Class B,323,,
0.235073,µm^3,Surface,1,Class B,325,,
0.026134601,µm^3,Surface,1,Class B,326,,
0.031911802,µm^3,Surface,1,Class B,327,,
0.044291198,µm^3,Surface,1,Class B,328,,
0.027097501,µm^3,Surface,1,Class B,332,,
0.0129297,µm^3,Surface,1,Class B,334,,
0.080741897,µm^3,Surface,1,Class B,336,,
0.064648598,µm^3,Surface,1,Class B,338,,
0.0112791,µm^3,Surface,1,Class B,340,,
0.048005,µm^3,Surface,1,Class B,341,,
0.020494999,µm^3,Surface,1,Class B,342,,
0.0171938,µm^3,Surface,1,Class B,343,,
0.0236586,µm^3,Surface,1,Class B,345,,
0.092158601,µm^3,Surface,1,Class B,349,,
0.031636499,µm^3,Surface,1,Class B,350,,
0.038926698,µm^3,Surface,1,Class B,351,,
0.0154056,µm^3,Surface,1,Class B,352,,
0.064373396,µm^3,Surface,1,Class B,353,,
0.0621727,µm^3,Surface,1,Class B,354,,
0.093533903,µm^3,Surface,1,Class B,355,,
0.0121044,µm^3,Surface,1,Class B,356,,
0.049655601,µm^3,Surface,1,Class B,358,,
0.031911701,µm^3,Surface,1,Class B,359,,
0.028885501,µm^3,Surface,1,Class A,360,,
0.074964799,µm^3,Surface,1,Class B,361,,
0.128196999,µm^3,Surface,1,Class B,362,,
0.021182699,µm^3,Surface,1,Class B,363,,
0.048555098,µm^3,Surface,1,Class B,364,,
0.046354402,µm^3,Surface,1,Class A,367,,
0.201785997,µm^3,Surface,1,Class B,368,,
0.036588401,µm^3,Surface,1,Class B,369,,
0.0121044,µm^3,Surface,1,Class B,371,,
0.090783097,µm^3,Surface,1,Class B,372,,
0.025309199,µm^3,Surface,1,Class B,373,,
0.0420903,µm^3,Surface,1,Class B,376,,
0.035487901,µm^3,Surface,1,Class B,379,,
0.0792289,µm^3,Surface,1,Class B,380,,
0.025859401,µm^3,Surface,1,Class B,381,,
0.034937602,µm^3,Surface,1,Class B,382,,
1.226400018,µm^3,Surface,1,Class B,383,,
0.249790996,µm^3,Surface,1,Class B,384,,
0.064236,µm^3,Surface,1,Class B,385,,
0.327232003,µm^3,Surface,1,Class B,386,,
0.15997,µm^3,Surface,1,Class B,387,,
0.016093301,µm^3,Surface,1,Class A,388,,
0.056670699,µm^3,Surface,1,Class B,391,,
0.0121044,µm^3,Surface,1,Class A,392,,
0.0121044,µm^3,Surface,1,Class B,393,,
0.099999003,µm^3,Surface,1,Class B,396,,
0.036313299,µm^3,Surface,1,Class A,397,,
0.092846401,µm^3,Surface,1,Class B,399,,
0.019944699,µm^3,Surface,1,Class B,400,,
0.227232993,µm^3,Surface,1,Class B,401,,
0.038238999,µm^3,Surface,1,Class B,404,,
0.0148554,µm^3,Surface,1,Class A,407,,
0.0270974,µm^3,Surface,1,Class A,408,,
0.028335299,µm^3,Surface,1,Class B,411,,
0.0119669,µm^3,Surface,1,Class A,412,,
0.0154056,µm^3,Surface,1,Class A,413,,
0.026272099,µm^3,Surface,1,Class B,415,,
0.0178815,µm^3,Surface,1,Class A,416,,
0.0151305,µm^3,Surface,1,Class A,418,,
0.062035099,µm^3,Surface,1,Class B,419,,
0.281428009,µm^3,Surface,1,Class B,420,,
0.125171006,µm^3,Surface,1,Class B,424,,
0.0303986,µm^3,Surface,1,Class B,425,,
0.091195799,µm^3,Surface,1,Class B,426,,
0.0254467,µm^3,Surface,1,Class A,427,,
0.310451001,µm^3,Surface,1,Class B,429,,
0.0262722,µm^3,Surface,1,Class B,430,,
0.035487998,µm^3,Surface,1,Class A,431,,
0.0350754,µm^3,Surface,1,Class B,434,,
0.024483999,µm^3,Surface,1,Class A,436,,
0.061209701,µm^3,Surface,1,Class A,437,,
0.086931698,µm^3,Surface,1,Class A,439,,
0.065886497,µm^3,Surface,1,Class B,440,,
0.0145803,µm^3,Surface,1,Class A,441,,
0.0203574,µm^3,Surface,1,Class A,442,,
0.114992,µm^3,Surface,1,Class A,445,,
0.094359398,µm^3,Surface,1,Class A,446,,
0.099723801,µm^3,Surface,1,Class A,447,,
0.148003995,µm^3,Surface,1,Class A,448,,
0.114579,µm^3,Surface,1,Class A,450,,
0.0145803,µm^3,Surface,1,Class A,451,,
0.119255997,µm^3,Surface,1,Class A,452,,
0.082254998,µm^3,Surface,1,Class A,457,,
0.154055998,µm^3,Surface,1,Class A,458,,
0.110864997,µm^3,Surface,1,Class A,459,,
0.0203573,µm^3,Surface,1,Class A,0,,
0.812233984,µm^3,Surface,1,Class B,1,,
0.017881701,µm^3,Surface,1,Class A,2,,
0.0154056,µm^3,Surface,1,Class A,3,,
0.038789,µm^3,Surface,1,Class A,4,,
0.020357501,µm^3,Surface,1,Class A,5,,
0.026272099,µm^3,Surface,1,Class A,7,,
0.038101401,µm^3,Surface,1,Class A,10,,
1.39380002,µm^3,Surface,1,Class B,11,,
0.0115541,µm^3,Surface,1,Class B,12,,
0.107839003,µm^3,Surface,1,Class A,13,,
0.824477017,µm^3,Surface,1,Class A,14,,
0.315402001,µm^3,Surface,1,Class B,15,,
0.098210797,µm^3,Surface,1,Class A,16,,
0.69077599,µm^3,Surface,1,Class B,17,,
0.278400987,µm^3,Surface,1,Class B,18,,
0.105362996,µm^3,Surface,1,Class A,19,,
0.036038101,µm^3,Surface,1,Class A,20,,
1.449499965,µm^3,Surface,1,Class B,21,,
0.0121044,µm^3,Surface,1,Class A,2,,
0.184729993,µm^3,Surface,1,Class A,3,,
0.199035004,µm^3,Surface,1,Class A,4,,
0.0294358,µm^3,Surface,1,Class A,7,,
0.0187068,µm^3,Surface,1,Class A,8,,
0.035075299,µm^3,Surface,1,Class A,9,,
0.0261345,µm^3,Surface,1,Class A,10,,
0.024483901,µm^3,Surface,1,Class A,11,,
0.0261345,µm^3,Surface,1,Class A,12,,
0.0264096,µm^3,Surface,1,Class A,14,,
0.0236587,µm^3,Surface,1,Class A,15,,
0.0178816,µm^3,Surface,1,Class A,16,,
0.494630009,µm^3,Surface,1,Class A,18,,
0.0145804,µm^3,Surface,1,Class A,21,,
0.0154056,µm^3,Surface,1,Class A,22,,
0.0291606,µm^3,Surface,1,Class A,25,,
0.313338995,µm^3,Surface,1,Class A,27,,
0.021182699,µm^3,Surface,1,Class A,38,,
0.054469999,µm^3,Surface,1,Class A,44,,
0.021182699,µm^3,Surface,1,Class A,45,,
0.096697599,µm^3,Surface,1,Class A,51,,
0.065336302,µm^3,Surface,1,Class A,56,,
0.0913333,µm^3,Surface,1,Class A,57,,
0.0104538,µm^3,Surface,1,Class A,61,,
0.053644601,µm^3,Surface,1,Class A,62,,
0.020907599,µm^3,Surface,1,Class A,64,,
0.0129297,µm^3,Surface,1,Class A,69,,
0.0129297,µm^3,Surface,1,Class A,70,,
0.0185693,µm^3,Surface,1,Class A,78,,
0.244976997,µm^3,Surface,1,Class A,80,,
0.233834997,µm^3,Surface,1,Class A,86,,
0.0264096,µm^3,Surface,1,Class A,87,,
0.0236586,µm^3,Surface,1,Class A,90,,
0.0104538,µm^3,Surface,1,Class A,93,,
0.0154056,µm^3,Surface,1,Class A,95,,
0.93286401,µm^3,Surface,1,Class A,96,,
0.132597998,µm^3,Surface,1,Class A,98,,
0.0261345,µm^3,Surface,1,Class A,101,,
0.0115543,µm^3,Surface,1,Class B,1,,
0.034937698,µm^3,Surface,1,Class B,8,,
0.187756002,µm^3,Surface,1,Class B,9,,
0.036313199,µm^3,Surface,1,Class B,10,,
0.0129297,µm^3,Surface,1,Class B,11,,
0.0129297,µm^3,Surface,1,Class B,12,,
0.020082399,µm^3,Surface,1,Class B,13,,
0.227369994,µm^3,Surface,1,Class B,14,,
0.874544024,µm^3,Surface,1,Class B,16,,
0.280326992,µm^3,Surface,1,Class B,18,,
0.0129297,µm^3,Surface,1,Class B,19,,
0.018156599,µm^3,Surface,1,Class B,20,,
0.0121044,µm^3,Surface,1,Class B,21,,
0.0145803,µm^3,Surface,1,Class B,22,,
0.075239897,µm^3,Surface,1,Class B,24,,
0.046767101,µm^3,Surface,1,Class B,25,,
0.714160025,µm^3,Surface,1,Class B,26,,
9.983110428,µm^3,Surface,1,Class B,28,,
0.040577199,µm^3,Surface,1,Class A,0,,
0.74593401,µm^3,Surface,1,Class A,1,,
0.0178815,µm^3,Surface,1,Class A,2,,
0.040164601,µm^3,Surface,1,Class A,4,,
0.281978011,µm^3,Surface,1,Class A,6,,
0.0595592,µm^3,Surface,1,Class A,7,,
0.169323996,µm^3,Surface,1,Class A,8,,
19.15730095,µm^3,Surface,1,Class A,10,,
0.180740997,µm^3,Surface,1,Class A,1,,
0.021182699,µm^3,Surface,1,Class A,3,,
0.062722802,µm^3,Surface,1,Class A,4,,
0.152542993,µm^3,Surface,1,Class A,6,,
0.094772004,µm^3,Surface,1,Class A,7,,
0.0119669,µm^3,Surface,1,Class A,8,,
0.041127499,µm^3,Surface,1,Class A,14,,
0.194496006,µm^3,Surface,1,Class A,17,,
0.0486928,µm^3,Surface,1,Class A,18,,
0.022008101,µm^3,Surface,1,Class A,19,,
0.0145803,µm^3,Surface,1,Class A,20,,
0.0407148,µm^3,Surface,1,Class A,21,,
0.0143053,µm^3,Surface,1,Class A,22,,
0.046216998,µm^3,Surface,1,Class A,25,,
0.727914989,µm^3,Surface,1,Class A,28,,
0.041952901,µm^3,Surface,1,Class A,29,,
0.020357501,µm^3,Surface,1,Class A,31,,
0.023658499,µm^3,Surface,1,Class A,34,,
0.0178815,µm^3,Surface,1,Class A,35,,
0.046767101,µm^3,Surface,1,Class A,37,,
0.025309199,µm^3,Surface,1,Class A,42,,
0.0123795,µm^3,Surface,1,Class A,43,,
0.461068988,µm^3,Surface,1,Class A,44,,
0.066023901,µm^3,Surface,1,Class A,45,,
0.065336399,µm^3,Surface,1,Class A,46,,
0.092158601,µm^3,Surface,1,Class A,48,,
0.0466295,µm^3,Surface,1,Class A,51,,
0.036038201,µm^3,Surface,1,Class A,53,,
0.026134601,µm^3,Surface,1,Class A,54,,
0.0121044,µm^3,Surface,1,Class A,55,,
0.045116398,µm^3,Surface,1,Class A,58,,
0.025309199,µm^3,Surface,1,Class A,59,,
0.037688799,µm^3,Surface,1,Class A,60,,
0.036038101,µm^3,Surface,1,Class A,62,,
0.049242999,µm^3,Surface,1,Class A,63,,
0.069600403,µm^3,Surface,1,Class A,65,,
0.104676001,µm^3,Surface,1,Class A,67,,
0.0154056,µm^3,Surface,1,Class A,68,,
0.0268225,µm^3,Surface,1,Class A,70,,
1.392699957,µm^3,Surface,1,Class A,71,,
0.061347399,µm^3,Surface,1,Class A,73,,
0.0121045,µm^3,Surface,1,Class A,80,,
0.0187068,µm^3,Surface,1,Class A,81,,
0.034662601,µm^3,Surface,1,Class A,82,,
0.0202199,µm^3,Surface,1,Class A,83,,
0.0206325,µm^3,Surface,1,Class A,85,,
0.114716999,µm^3,Surface,1,Class A,87,,
0.043878701,µm^3,Surface,1,Class A,88,,
0.0294357,µm^3,Surface,1,Class A,91,,
0.151305005,µm^3,Surface,1,Class A,92,,
0.074139602,µm^3,Surface,1,Class A,93,,
0.0148554,µm^3,Surface,1,Class A,94,,
0.046491999,µm^3,Surface,1,Class A,95,,
0.0405773,µm^3,Surface,1,Class A,96,,
0.129572004,µm^3,Surface,1,Class A,97,,
0.0154056,µm^3,Surface,1,Class A,98,,
0.044841401,µm^3,Surface,1,Class A,101,,
0.0121044,µm^3,Surface,1,Class A,105,,
0.065473802,µm^3,Surface,1,Class A,107,,
0.040439699,µm^3,Surface,1,Class A,109,,
0.0276476,µm^3,Surface,1,Class A,110,,
0.263408989,µm^3,Surface,1,Class A,111,,
0.158732995,µm^3,Surface,1,Class A,117,,
0.181704,µm^3,Surface,1,Class A,118,,
0.0225583,µm^3,Surface,1,Class A,119,,
0.074964702,µm^3,Surface,1,Class A,120,,
0.034112498,µm^3,Surface,1,Class A,121,,
0.051718801,µm^3,Surface,1,Class A,122,,
0.069738001,µm^3,Surface,1,Class A,124,,
0.0246216,µm^3,Surface,1,Class A,125,,
0.0210451,µm^3,Surface,1,Class A,126,,
0.077578098,µm^3,Surface,1,Class A,129,,
0.325994015,µm^3,Surface,1,Class A,130,,
0.094909698,µm^3,Surface,1,Class A,133,,
0.0121044,µm^3,Surface,1,Class A,135,,
0.020770101,µm^3,Surface,1,Class A,136,,
0.0121044,µm^3,Surface,1,Class A,138,,
0.060247,µm^3,Surface,1,Class A,139,,
0.189956993,µm^3,Surface,1,Class A,140,,
0.0291606,µm^3,Surface,1,Class A,141,,
0.0757901,µm^3,Surface,1,Class A,144,,
0.021182699,µm^3,Surface,1,Class A,145,,
0.021182699,µm^3,Surface,1,Class A,146,,
0.208526,µm^3,Surface,1,Class A,147,,
0.068637401,µm^3,Surface,1,Class A,149,,
0.032737002,µm^3,Surface,1,Class A,150,,
0.111827999,µm^3,Surface,1,Class A,151,,
0.0790914,µm^3,Surface,1,Class A,152,,
0.095734902,µm^3,Surface,1,Class A,153,,
0.028610401,µm^3,Surface,1,Class A,155,,
0.0236586,µm^3,Surface,1,Class A,157,,
0.141264006,µm^3,Surface,1,Class A,158,,
0.0609347,µm^3,Surface,1,Class A,159,,
0.102337003,µm^3,Surface,1,Class A,160,,
0.049242798,µm^3,Surface,1,Class A,161,,
0.028610401,µm^3,Surface,1,Class A,162,,
0.0178815,µm^3,Surface,1,Class A,163,,
0.045804098,µm^3,Surface,1,Class A,164,,
0.045116499,µm^3,Surface,1,Class A,165,,
0.048280101,µm^3,Surface,1,Class A,166,,
0.303297997,µm^3,Surface,1,Class A,168,,
0.106601,µm^3,Surface,1,Class A,169,,
0.0178815,µm^3,Surface,1,Class A,170,,
0.026547199,µm^3,Surface,1,Class A,171,,
0.088032201,µm^3,Surface,1,Class A,172,,
0.475511014,µm^3,Surface,1,Class A,173,,
0.032736901,µm^3,Surface,1,Class A,174,,
0.043465901,µm^3,Surface,1,Class A,175,,
0.021182699,µm^3,Surface,1,Class A,176,,
0.11733,µm^3,Surface,1,Class A,177,,
0.0294358,µm^3,Surface,1,Class A,178,,
0.545661986,µm^3,Surface,1,Class A,179,,
0.157082006,µm^3,Surface,1,Class A,1,,
0.0257219,µm^3,Surface,1,Class A,11,,
0.0284729,µm^3,Surface,1,Class A,13,,
0.0203574,µm^3,Surface,1,Class A,15,,
0.0154056,µm^3,Surface,1,Class A,20,,
0.0225583,µm^3,Surface,1,Class A,21,,
0.0121044,µm^3,Surface,1,Class A,24,,
0.038789202,µm^3,Surface,1,Class A,29,,
0.067949802,µm^3,Surface,1,Class A,32,,
0.120081,µm^3,Surface,1,Class A,33,,
0.0104538,µm^3,Surface,1,Class A,37,,
0.020907599,µm^3,Surface,1,Class A,49,,
0.441673994,µm^3,Surface,1,Class A,50,,
0.64992398,µm^3,Surface,1,Class A,51,,
0.0294357,µm^3,Surface,1,Class A,57,,
0.029298101,µm^3,Surface,1,Class A,60,,
0.038238902,µm^3,Surface,1,Class A,61,,
0.026134601,µm^3,Surface,1,Class A,63,,
0.0121044,µm^3,Surface,1,Class A,64,,
0.261758,µm^3,Surface,1,Class A,66,,
0.044291198,µm^3,Surface,1,Class A,67,,
0.0294357,µm^3,Surface,1,Class A,68,,
0.0486927,µm^3,Surface,1,Class A,69,,
0.082117699,µm^3,Surface,1,Class B,0,,
0.0324618,µm^3,Surface,1,Class B,4,,
2.696810007,µm^3,Surface,1,Class B,5,,
0.246627003,µm^3,Surface,1,Class B,6,,
0.078541197,µm^3,Surface,1,Class B,7,,
0.071113497,µm^3,Surface,1,Class B,10,,
0.208526,µm^3,Surface,1,Class B,12,,
0.058596201,µm^3,Surface,1,Class B,14,,
0.033562198,µm^3,Surface,1,Class B,15,,
0.029022999,µm^3,Surface,1,Class B,16,,
0.079503998,µm^3,Surface,1,Class B,17,,
0.0167812,µm^3,Surface,1,Class B,21,,
0.528329015,µm^3,Surface,1,Class B,22,,
0.0178815,µm^3,Surface,1,Class B,30,,
2.004379988,µm^3,Surface,1,Class B,31,,
0.0129297,µm^3,Surface,1,Class B,32,,
0.032049298,µm^3,Surface,1,Class B,35,,
0.0154056,µm^3,Surface,1,Class A,36,,
0.0178815,µm^3,Surface,1,Class A,38,,
0.118293002,µm^3,Surface,1,Class A,43,,
0.066711903,µm^3,Surface,1,Class A,45,,
35.4455986,µm^3,Surface,1,Class A,47,,
20.375,µm^3,Surface,1,Class A,48,,
1.601490021,µm^3,Surface,1,Class A,49,,
0.036726002,µm^3,Surface,1,Class A,50,,
0.306324989,µm^3,Surface,1,Class A,52,,
0.0121044,µm^3,Surface,1,Class A,55,,
0.069462799,µm^3,Surface,1,Class A,56,,
0.0236586,µm^3,Surface,1,Class A,57,,
0.0240713,µm^3,Surface,1,Class A,60,,
0.0178815,µm^3,Surface,1,Class A,62,,
0.034250099,µm^3,Surface,1,Class A,64,,
0.0246215,µm^3,Surface,1,Class A,69,,
0.0122419,µm^3,Surface,1,Class A,71,,
0.107977003,µm^3,Surface,1,Class A,72,,
0.0143052,µm^3,Surface,1,Class A,73,,
0.0178816,µm^3,Surface,1,Class A,75,,
0.069600202,µm^3,Surface,1,Class A,76,,
0.0426405,µm^3,Surface,1,Class A,77,,
0.032736901,µm^3,Surface,1,Class A,79,,
0.0331496,µm^3,Surface,1,Class A,80,,
0.0588715,µm^3,Surface,1,Class A,81,,
25.63240051,µm^3,Surface,1,Class A,82,,
0.0286106,µm^3,Surface,1,Class B,0,,
0.067812301,µm^3,Surface,1,Class B,1,,
0.0121043,µm^3,Surface,1,Class B,2,,
0.0154056,µm^3,Surface,1,Class B,4,,
0.083906204,µm^3,Surface,1,Class B,6,,
0.203024998,µm^3,Surface,1,Class B,8,,
0.891462028,µm^3,Surface,1,Class B,11,,
0.0203574,µm^3,Surface,1,Class B,13,,
0.021182699,µm^3,Surface,1,Class A,14,,
0.018431799,µm^3,Surface,1,Class A,17,,
0.025996801,µm^3,Surface,1,Class A,18,,
0.0261347,µm^3,Surface,1,Class A,20,,
0.0504811,µm^3,Surface,1,Class A,21,,
0.0187067,µm^3,Surface,1,Class A,22,,
0.0145804,µm^3,Surface,1,Class A,23,,
0.069463,µm^3,Surface,1,Class B,27,,
0.0211828,µm^3,Surface,1,Class A,28,,
0.021182699,µm^3,Surface,1,Class A,29,,
0.017881401,µm^3,Surface,1,Class A,30,,
0.799441993,µm^3,Surface,1,Class B,31,,
0.595179021,µm^3,Surface,1,Class B,33,,
0.0213203,µm^3,Surface,1,Class B,35,,
0.190230995,µm^3,Surface,1,Class B,37,,
0.0104538,µm^3,Surface,1,Class B,38,,
0.186930999,µm^3,Surface,1,Class B,39,,
0.068086997,µm^3,Surface,1,Class A,41,,
0.0242089,µm^3,Surface,1,Class A,42,,
0.0236587,µm^3,Surface,1,Class B,46,,
0.032599401,µm^3,Surface,1,Class B,48,,
0.0121043,µm^3,Surface,1,Class B,49,,
0.0290231,µm^3,Surface,1,Class B,53,,
0.088032201,µm^3,Surface,1,Class B,54,,
0.0211828,µm^3,Surface,1,Class B,57,,
0.021182699,µm^3,Surface,1,Class A,58,,
0.0129297,µm^3,Surface,1,Class A,59,,
0.0144427,µm^3,Surface,1,Class B,62,,
0.0178815,µm^3,Surface,1,Class A,63,,
0.0123796,µm^3,Surface,1,Class A,65,,
0.026959799,µm^3,Surface,1,Class B,66,,
0.708108008,µm^3,Surface,1,Class B,68,,
0.114716999,µm^3,Surface,1,Class B,74,,
0.126958996,µm^3,Surface,1,Class B,75,,
0.0119668,µm^3,Surface,1,Class B,82,,
0.141813993,µm^3,Surface,1,Class B,83,,
0.0182942,µm^3,Surface,1,Class B,85,,
0.0121044,µm^3,Surface,1,Class B,90,,
0.158319995,µm^3,Surface,1,Class B,91,,
0.0500682,µm^3,Surface,1,Class B,92,,
0.218842,µm^3,Surface,1,Class B,93,,
3.316879988,µm^3,Surface,1,Class B,94,,
0.0319116,µm^3,Surface,1,Class B,95,,
0.191331998,µm^3,Surface,1,Class B,97,,
0.0121044,µm^3,Surface,1,Class B,99,,
0.0123795,µm^3,Surface,1,Class A,101,,
0.051581401,µm^3,Surface,1,Class B,102,,
153.1119995,µm^3,Surface,1,Class A,103,,
1.727910042,µm^3,Surface,1,Class A,104,,
0.125033006,µm^3,Surface,1,Class B,106,,
0.0559843,µm^3,Surface,1,Class A,0,,
0.035487998,µm^3,Surface,1,Class A,11,,
0.0101701,µm^3,Surface,1,Class B,1,,
0.035771102,µm^3,Surface,1,Class B,2,,
0.0122075,µm^3,Surface,1,Class B,4,,
0.036089301,µm^3,Surface,1,Class B,5,,
0.120035999,µm^3,Surface,1,Class B,8,,
0.0247244,µm^3,Surface,1,Class B,9,,
0.060228799,µm^3,Surface,1,Class B,10,,
0.057804398,µm^3,Surface,1,Class B,11,,
0.0839044,µm^3,Surface,1,Class B,12,,
0.072152697,µm^3,Surface,1,Class B,14,,
0.085339598,µm^3,Surface,1,Class B,15,,
0.027346101,µm^3,Surface,1,Class B,16,,
0.089594901,µm^3,Surface,1,Class B,17,,
0.333371013,µm^3,Surface,1,Class B,18,,
1.561069965,µm^3,Surface,1,Class B,20,,
0.013308,µm^3,Surface,1,Class B,21,,
0.044531099,µm^3,Surface,1,Class B,22,,
0.0403019,µm^3,Surface,1,Class B,23,,
0.0536604,µm^3,Surface,1,Class B,24,,
0.0405511,µm^3,Surface,1,Class B,25,,
0.0119153,µm^3,Surface,1,Class B,26,,
0.0117949,µm^3,Surface,1,Class B,27,,
0.033071801,µm^3,Surface,1,Class B,28,,
0.0101701,µm^3,Surface,1,Class B,31,,
0.0837586,µm^3,Surface,1,Class B,33,,
0.0127578,µm^3,Surface,1,Class B,34,,
0.0409205,µm^3,Surface,1,Class B,36,,
0.153159007,µm^3,Surface,1,Class B,40,,
0.0145028,µm^3,Surface,1,Class B,42,,
0.024208499,µm^3,Surface,1,Class A,44,,
0.100512996,µm^3,Surface,1,Class A,45,,
0.031275,µm^3,Surface,1,Class A,46,,
0.062652901,µm^3,Surface,1,Class A,48,,
0.311966002,µm^3,Surface,1,Class A,49,,
0.089328401,µm^3,Surface,1,Class A,51,,
0.0139699,µm^3,Surface,1,Class A,52,,
0.063306399,µm^3,Surface,1,Class A,55,,
0.085176498,µm^3,Surface,1,Class A,56,,
0.200596005,µm^3,Surface,1,Class A,57,,
0.045511,µm^3,Surface,1,Class A,58,,
0.069031902,µm^3,Surface,1,Class A,61,,
0.133077994,µm^3,Surface,1,Class A,62,,
0.091589198,µm^3,Surface,1,Class A,63,,
0.0534546,µm^3,Surface,1,Class A,64,,
0.031704899,µm^3,Surface,1,Class A,65,,
0.037602201,µm^3,Surface,1,Class A,66,,
0.107819997,µm^3,Surface,1,Class A,68,,
0.052706499,µm^3,Surface,1,Class A,69,,
0.0730391,µm^3,Surface,1,Class B,0,,
0.154193997,µm^3,Surface,1,Class B,1,,
1.799569964,µm^3,Surface,1,Class B,2,,
0.581148982,µm^3,Surface,1,Class B,3,,
0.87055397,µm^3,Surface,1,Class B,0,,
0.151993006,µm^3,Surface,1,Class B,1,,
2.187870026,µm^3,Surface,1,Class B,2,,
0.152129993,µm^3,Surface,1,Class B,3,,
